,rain
0,1
1,0
2,1
3,1
4,1
5,1
6,0
7,0
8,0
9,1
10,2
11,2
12,2
13,2
14,0
15,2
16,1
17,1
18,1
19,1
20,1
21,1
22,1
23,2
24,1
25,0
26,1
27,0
28,1
29,0
30,0
31,1
32,1
33,1
34,1
35,1
36,1
37,1
38,1
39,0
40,1
41,1
42,1
43,1
44,1
45,1
46,1
47,1
48,1
49,1
50,1
51,2
52,1
53,0
54,0
55,1
56,0
57,1
58,2
59,1
60,1
61,1
62,0
63,0
64,0
65,1
66,1
67,1
68,1
69,1
70,1
71,1
72,1
73,0
74,0
75,0
76,0
77,0
78,0
79,2
80,2
81,2
82,1
83,1
84,1
85,1
86,0
87,0
88,1
89,1
90,0
91,0
92,1
93,0
94,1
95,1
96,1
97,0
98,1
99,1
100,1
101,1
102,0
103,1
104,0
105,0
106,0
107,0
108,0
109,0
110,0
111,1
112,1
113,1
114,0
115,0
116,0
117,0
118,0
119,0
120,1
121,1
122,0
123,0
124,0
125,0
126,1
127,1
128,1
129,1
130,1
131,1
132,1
133,1
134,1
135,1
136,1
137,0
138,1
139,2
140,2
141,0
142,0
143,1
144,1
145,1
146,0
147,0
148,1
149,0
150,0
151,0
152,0
153,0
154,0
155,0
156,0
157,0
158,0
159,1
160,1
161,0
162,0
163,0
164,0
165,0
166,0
167,0
168,0
169,0
170,0
171,0
172,0
173,0
174,1
175,1
176,1
177,0
178,0
179,0
180,0
181,0
182,0
183,0
184,0
185,0
186,0
187,0
188,0
189,0
190,1
191,0
192,0
193,0
194,0
195,0
196,0
197,0
198,0
199,0
200,0
201,0
202,0
203,0
204,0
205,0
206,0
207,0
208,0
209,0
210,1
211,0
212,0
213,0
214,0
215,0
216,0
217,0
218,0
219,0
220,0
221,0
222,0
223,0
224,0
225,0
226,1
227,0
228,0
229,0
230,0
231,0
232,0
233,0
234,0
235,0
236,0
237,0
238,0
239,0
240,0
241,0
242,0
243,0
244,0
245,0
246,0
247,0
248,0
249,0
250,0
251,0
252,0
253,0
254,0
255,0
256,0
257,0
258,0
259,0
260,1
261,1
262,0
263,0
264,0
265,0
266,1
267,1
268,0
269,0
270,0
271,0
272,0
273,1
274,1
275,1
276,0
277,0
278,0
279,0
280,1
281,1
282,0
283,1
284,1
285,1
286,1
287,1
288,0
289,1
290,0
291,0
292,0
293,0
294,0
295,0
296,1
297,0
298,0
299,1
300,0
301,0
302,0
303,1
304,1
305,1
306,1
307,1
308,1
309,1
310,1
311,0
312,0
313,1
314,0
315,0
316,0
317,1
318,1
319,0
320,1
321,1
322,1
323,2
324,2
325,1
326,2
327,1
328,2
329,2
330,1
331,1
332,1
333,2
334,2
335,1
336,1
337,0
338,1
339,1
340,2
341,1
342,0
343,1
344,1
345,1
346,1
347,0
348,0
349,0
350,0
351,0
352,0
353,0
354,0
355,0
356,0
357,1
358,1
359,0
360,2
361,2
362,1
363,0
364,1
365,0
366,0
367,0
368,0
369,0
370,0
371,0
372,0
373,0
374,0
375,1
376,1
377,1
378,2
379,1
380,1
381,2
382,2
383,1
384,2
385,1
386,2
387,1
388,0
389,0
390,1
391,1
392,2
393,1
394,1
395,1
396,1
397,2
398,1
399,1
400,1
401,2
402,1
403,1
404,1
405,1
406,0
407,0
408,1
409,0
410,1
411,1
412,1
413,2
414,0
415,1
416,1
417,2
418,2
419,1
420,1
421,1
422,2
423,1
424,1
425,1
426,2
427,1
428,0
429,0
430,0
431,1
432,1
433,0
434,0
435,1
436,1
437,1
438,0
439,1
440,0
441,1
442,0
443,0
444,1
445,1
446,1
447,1
448,0
449,1
450,1
451,2
452,1
453,1
454,1
455,0
456,1
457,1
458,1
459,1
460,0
461,1
462,1
463,1
464,1
465,0
466,0
467,0
468,0
469,0
470,0
471,0
472,0
473,1
474,0
475,1
476,0
477,0
478,0
479,1
480,1
481,1
482,1
483,0
484,1
485,1
486,1
487,1
488,1
489,0
490,1
491,1
492,0
493,0
494,0
495,1
496,0
497,1
498,1
499,1
500,1
501,1
502,1
503,0
504,0
505,0
506,0
507,0
508,0
509,1
510,0
511,0
512,0
513,0
514,0
515,0
516,0
517,0
518,0
519,0
520,1
521,1
522,1
523,0
524,0
525,0
526,0
527,0
528,0
529,0
530,1
531,0
532,0
533,0
534,0
535,1
536,0
537,0
538,0
539,1
540,1
541,0
542,0
543,0
544,0
545,0
546,0
547,1
548,0
549,1
550,0
551,0
552,0
553,0
554,0
555,0
556,0
557,0
558,0
559,0
560,0
561,0
562,0
563,0
564,0
565,0
566,0
567,0
568,0
569,0
570,0
571,0
572,0
573,0
574,0
575,0
576,0
577,0
578,0
579,0
580,0
581,1
582,1
583,1
584,0
585,0
586,0
587,0
588,0
589,1
590,1
591,0
592,0
593,0
594,0
595,0
596,0
597,0
598,0
599,0
600,0
601,0
602,0
603,0
604,0
605,1
606,1
607,1
608,0
609,0
610,0
611,0
612,0
613,0
614,0
615,0
616,0
617,0
618,0
619,0
620,0
621,0
622,0
623,0
624,0
625,0
626,0
627,0
628,0
629,0
630,1
631,0
632,0
633,0
634,0
635,0
636,0
637,0
638,0
639,0
640,0
641,0
642,1
643,1
644,0
645,1
646,0
647,0
648,0
649,0
650,0
651,0
652,0
653,0
654,0
655,0
656,0
657,0
658,0
659,0
660,0
661,0
662,1
663,0
664,2
665,2
666,0
667,1
668,1
669,0
670,0
671,1
672,0
673,2
674,0
675,0
676,1
677,1
678,1
679,1
680,1
681,0
682,0
683,1
684,1
685,0
686,0
687,1
688,1
689,1
690,1
691,1
692,1
693,2
694,1
695,0
696,0
697,1
698,1
699,1
700,2
701,0
702,1
703,1
704,2
705,1
706,1
707,1
708,0
709,0
710,1
711,1
712,1
713,1
714,1
715,1
716,0
717,0
718,0
719,0
720,0
721,0
722,0
723,0
724,0
725,0
726,0
727,0
728,0
729,1
730,1
731,1
732,1
733,2
734,0
735,1
736,0
737,1
738,1
739,1
740,2
741,2
742,2
743,1
744,1
745,1
746,0
747,0
748,1
749,1
750,1
751,0
752,0
753,2
754,1
755,0
756,0
757,0
758,0
759,1
760,1
761,2
762,1
763,0
764,1
765,1
766,0
767,1
768,2
769,0
770,1
771,1
772,1
773,1
774,2
775,1
776,0
777,0
778,0
779,0
780,1
781,1
782,1
783,0
784,0
785,1
786,2
787,1
788,1
789,0
790,1
791,0
792,2
793,0
794,0
795,1
796,1
797,0
798,1
799,1
800,0
801,1
802,0
803,1
804,1
805,1
806,1
807,1
808,0
809,0
810,1
811,0
812,0
813,0
814,0
815,1
816,1
817,0
818,0
819,0
820,0
821,0
822,0
823,0
824,0
825,0
826,0
827,0
828,0
829,0
830,0
831,1
832,1
833,1
834,1
835,1
836,0
837,0
838,0
839,0
840,1
841,1
842,1
843,0
844,1
845,0
846,1
847,1
848,0
849,0
850,1
851,0
852,1
853,1
854,1
855,0
856,0
857,1
858,1
859,1
860,1
861,0
862,0
863,0
864,1
865,0
866,0
867,0
868,0
869,0
870,0
871,0
872,0
873,0
874,0
875,1
876,1
877,1
878,0
879,1
880,1
881,0
882,0
883,0
884,0
885,0
886,1
887,1
888,0
889,1
890,1
891,1
892,1
893,0
894,0
895,0
896,0
897,0
898,0
899,0
900,0
901,0
902,0
903,0
904,0
905,0
906,0
907,0
908,0
909,0
910,0
911,0
912,0
913,1
914,1
915,0
916,0
917,0
918,0
919,0
920,0
921,0
922,0
923,0
924,0
925,0
926,0
927,0
928,0
929,0
930,0
931,0
932,0
933,0
934,0
935,0
936,0
937,0
938,0
939,0
940,0
941,0
942,0
943,0
944,0
945,0
946,0
947,0
948,0
949,0
950,0
951,0
952,0
953,0
954,0
955,0
956,0
957,0
958,0
959,0
960,1
961,0
962,0
963,0
964,0
965,0
966,0
967,0
968,0
969,0
970,0
971,0
972,0
973,1
974,1
975,1
976,0
977,0
978,0
979,0
980,1
981,0
982,1
983,0
984,0
985,0
986,0
987,0
988,0
989,0
990,0
991,0
992,0
993,0
994,0
995,0
996,0
997,0
998,0
999,0
1000,0
1001,0
1002,1
1003,1
1004,0
1005,0
1006,0
1007,0
1008,0
1009,0
1010,0
1011,2
1012,1
1013,0
1014,0
1015,1
1016,0
1017,0
1018,0
1019,0
1020,1
1021,0
1022,2
1023,1
1024,0
1025,0
1026,0
1027,0
1028,1
1029,1
1030,1
1031,0
1032,0
1033,0
1034,1
1035,1
1036,0
1037,0
1038,0
1039,0
1040,1
1041,1
1042,1
1043,0
1044,0
1045,0
1046,0
1047,0
1048,0
1049,0
1050,0
1051,0
1052,0
1053,0
1054,0
1055,0
1056,2
1057,0
1058,1
1059,1
1060,1
1061,0
1062,1
1063,0
1064,1
1065,1
1066,0
1067,0
1068,0
1069,0
1070,0
1071,1
1072,0
1073,1
1074,1
1075,1
1076,2
1077,1
1078,1
1079,1
1080,1
1081,0
1082,1
1083,1
1084,1
1085,1
1086,1
1087,0
1088,0
1089,0
1090,0
1091,0
1092,0
1093,0
1094,0
1095,0
1096,0
1097,0
1098,0
1099,1
1100,0
1101,0
1102,1
1103,1
1104,0
1105,0
1106,1
1107,1
1108,0
1109,0
1110,0
1111,0
1112,1
1113,1
1114,0
1115,1
1116,0
1117,1
1118,1
1119,1
1120,0
1121,0
1122,1
1123,1
1124,0
1125,0
1126,1
1127,1
1128,1
1129,1
1130,0
1131,0
1132,0
1133,1
1134,0
1135,1
1136,0
1137,0
1138,0
1139,0
1140,1
1141,1
1142,1
1143,1
1144,0
1145,1
1146,1
1147,0
1148,0
1149,0
1150,0
1151,0
1152,0
1153,0
1154,1
1155,1
1156,0
1157,1
1158,0
1159,0
1160,0
1161,1
1162,1
1163,0
1164,1
1165,0
1166,0
1167,0
1168,1
1169,1
1170,1
1171,1
1172,1
1173,0
1174,0
1175,0
1176,0
1177,1
1178,1
1179,1
1180,1
1181,1
1182,0
1183,0
1184,1
1185,1
1186,1
1187,0
1188,0
1189,1
1190,1
1191,0
1192,1
1193,0
1194,1
1195,1
1196,1
1197,0
1198,0
1199,0
1200,1
1201,1
1202,1
1203,0
1204,0
1205,0
1206,1
1207,1
1208,0
1209,0
1210,0
1211,0
1212,1
1213,1
1214,1
1215,1
1216,0
1217,0
1218,0
1219,0
1220,0
1221,0
1222,0
1223,0
1224,0
1225,0
1226,0
1227,0
1228,2
1229,1
1230,1
1231,0
1232,0
1233,0
1234,0
1235,0
1236,0
1237,0
1238,0
1239,0
1240,0
1241,0
1242,1
1243,0
1244,0
1245,0
1246,1
1247,1
1248,1
1249,1
1250,1
1251,0
1252,0
1253,0
1254,1
1255,0
1256,1
1257,0
1258,0
1259,0
1260,0
1261,0
1262,0
1263,0
1264,0
1265,0
1266,0
1267,0
1268,0
1269,1
1270,0
1271,1
1272,1
1273,0
1274,0
1275,0
1276,0
1277,0
1278,0
1279,0
1280,0
1281,0
1282,0
1283,0
1284,0
1285,0
1286,0
1287,0
1288,0
1289,0
1290,0
1291,0
1292,0
1293,0
1294,0
1295,0
1296,0
1297,0
1298,0
1299,0
1300,0
1301,0
1302,0
1303,1
1304,1
1305,1
1306,0
1307,0
1308,0
1309,0
1310,0
1311,0
1312,0
1313,0
1314,0
1315,0
1316,0
1317,0
1318,0
1319,0
1320,0
1321,0
1322,0
1323,0
1324,0
1325,0
1326,0
1327,1
1328,1
1329,1
1330,0
1331,0
1332,0
1333,0
1334,0
1335,0
1336,0
1337,0
1338,0
1339,0
1340,0
1341,0
1342,0
1343,0
1344,0
1345,0
1346,0
1347,0
1348,0
1349,0
1350,0
1351,1
1352,1
1353,0
1354,0
1355,0
1356,0
1357,0
1358,0
1359,0
1360,0
1361,0
1362,1
1363,1
1364,0
1365,0
1366,0
1367,0
1368,0
1369,0
1370,0
1371,0
1372,0
1373,0
1374,0
1375,1
1376,0
1377,1
1378,0
1379,0
1380,0
1381,0
1382,0
1383,0
1384,0
1385,0
1386,0
1387,0
1388,1
1389,1
1390,1
1391,0
1392,0
1393,0
1394,1
1395,0
1396,1
1397,2
1398,1
1399,1
1400,0
1401,0
1402,1
1403,1
1404,0
1405,0
1406,0
1407,0
1408,0
1409,1
1410,1
1411,2
1412,1
1413,1
1414,2
1415,0
1416,0
1417,1
1418,1
1419,2
1420,2
1421,1
1422,1
1423,1
1424,0
1425,1
1426,2
1427,1
1428,1
1429,2
1430,1
1431,1
1432,2
1433,1
1434,1
1435,0
1436,1
1437,0
1438,1
1439,1
1440,1
1441,2
1442,1
1443,1
1444,2
1445,1
1446,1
1447,1
1448,1
1449,0
1450,1
1451,0
1452,0
1453,0
1454,0
1455,1
1456,1
1457,1
1458,1
1459,1
1460,1
1461,1
1462,1
1463,0
1464,1
1465,2
1466,2
1467,1
1468,0
1469,0
1470,0
1471,1
1472,0
1473,0
1474,0
1475,1
1476,0
1477,1
1478,1
1479,2
1480,1
1481,1
1482,1
1483,2
1484,2
1485,1
1486,1
1487,0
1488,0
1489,0
1490,1
1491,0
1492,1
1493,1
1494,0
1495,1
1496,1
1497,2
1498,1
1499,0
1500,1
1501,0
1502,0
1503,0
1504,0
1505,0
1506,1
1507,1
1508,1
1509,0
1510,0
1511,1
1512,1
1513,1
1514,0
1515,0
1516,0
1517,0
1518,0
1519,0
1520,0
1521,0
1522,0
1523,1
1524,2
1525,1
1526,0
1527,1
1528,1
1529,2
1530,1
1531,1
1532,1
1533,1
1534,1
1535,0
1536,1
1537,1
1538,0
1539,0
1540,0
1541,1
1542,1
1543,0
1544,0
1545,0
1546,0
1547,0
1548,0
1549,0
1550,0
1551,0
1552,0
1553,0
1554,1
1555,0
1556,0
1557,0
1558,1
1559,1
1560,1
1561,1
1562,1
1563,1
1564,1
1565,1
1566,1
1567,0
1568,0
1569,0
1570,0
1571,0
1572,0
1573,0
1574,0
1575,1
1576,0
1577,0
1578,0
1579,0
1580,0
1581,0
1582,0
1583,0
1584,1
1585,1
1586,0
1587,0
1588,0
1589,0
1590,0
1591,0
1592,1
1593,0
1594,0
1595,1
1596,1
1597,1
1598,1
1599,1
1600,1
1601,1
1602,0
1603,0
1604,0
1605,0
1606,1
1607,1
1608,1
1609,0
1610,0
1611,0
1612,0
1613,0
1614,0
1615,0
1616,0
1617,0
1618,1
1619,0
1620,0
1621,0
1622,0
1623,0
1624,0
1625,0
1626,0
1627,1
1628,1
1629,0
1630,0
1631,0
1632,0
1633,0
1634,0
1635,0
1636,0
1637,1
1638,2
1639,1
1640,0
1641,0
1642,0
1643,0
1644,0
1645,0
1646,0
1647,1
1648,1
1649,0
1650,0
1651,0
1652,0
1653,0
1654,0
1655,0
1656,0
1657,0
1658,0
1659,0
1660,0
1661,0
1662,0
1663,0
1664,0
1665,0
1666,0
1667,0
1668,0
1669,0
1670,0
1671,0
1672,0
1673,0
1674,0
1675,0
1676,0
1677,0
1678,0
1679,0
1680,0
1681,0
1682,0
1683,0
1684,0
1685,0
1686,0
1687,0
1688,0
1689,0
1690,0
1691,1
1692,0
1693,0
1694,0
1695,0
1696,0
1697,0
1698,0
1699,0
1700,0
1701,0
1702,0
1703,0
1704,0
1705,1
1706,0
1707,0
1708,0
1709,1
1710,0
1711,0
1712,0
1713,0
1714,0
1715,0
1716,0
1717,0
1718,1
1719,1
1720,0
1721,0
1722,0
1723,0
1724,0
1725,0
1726,0
1727,0
1728,0
1729,0
1730,0
1731,1
1732,1
1733,0
1734,0
1735,1
1736,0
1737,0
1738,0
1739,0
1740,0
1741,0
1742,1
1743,0
1744,0
1745,0
1746,0
1747,0
1748,0
1749,0
1750,0
1751,0
1752,1
1753,0
1754,0
1755,0
1756,0
1757,0
1758,0
1759,0
1760,0
1761,0
1762,0
1763,0
1764,0
1765,0
1766,0
1767,0
1768,0
1769,1
1770,2
1771,1
1772,2
1773,1
1774,1
1775,1
1776,1
1777,1
1778,0
1779,1
1780,1
1781,1
1782,0
1783,0
1784,0
1785,0
1786,1
1787,1
1788,0
1789,0
1790,0
1791,0
1792,0
1793,0
1794,0
1795,0
1796,0
1797,1
1798,0
1799,0
1800,0
1801,0
1802,1
1803,1
1804,1
1805,2
1806,1
1807,2
1808,2
1809,1
1810,1
1811,1
1812,0
1813,2
1814,1
1815,1
1816,0
1817,1
1818,1
1819,2
1820,1
1821,2
1822,1
1823,2
1824,1
1825,1
1826,2
1827,1
1828,2
1829,0
1830,0
1831,0
1832,0
1833,0
1834,0
1835,1
1836,2
1837,1
1838,0
1839,0
1840,0
1841,0
1842,0
1843,0
1844,0
1845,1
1846,1
1847,1
1848,1
1849,1
1850,1
1851,1
1852,0
1853,2
1854,2
1855,2
1856,1
1857,0
1858,0
1859,0
1860,0
1861,0
1862,0
1863,0
1864,0
1865,0
1866,0
1867,0
1868,1
1869,0
1870,2
1871,1
1872,2
1873,1
1874,1
1875,1
1876,1
1877,0
1878,0
1879,0
1880,0
1881,0
1882,0
1883,1
1884,0
1885,1
1886,0
1887,1
1888,1
1889,1
1890,2
1891,1
1892,1
1893,0
1894,1
1895,1
1896,1
1897,1
1898,1
1899,1
1900,0
1901,0
1902,1
1903,1
1904,1
1905,1
1906,1
1907,1
1908,1
1909,1
1910,1
1911,0
1912,0
1913,0
1914,1
1915,1
1916,1
1917,1
1918,1
1919,1
1920,1
1921,1
1922,1
1923,1
1924,1
1925,1
1926,2
1927,1
1928,1
1929,1
1930,1
1931,1
1932,0
1933,0
1934,1
1935,1
1936,0
1937,1
1938,1
1939,1
1940,1
1941,0
1942,1
1943,1
1944,0
1945,0
1946,0
1947,1
1948,1
1949,1
1950,0
1951,1
1952,1
1953,0
1954,0
1955,2
1956,0
1957,0
1958,0
1959,1
1960,1
1961,1
1962,0
1963,0
1964,0
1965,0
1966,0
1967,0
1968,1
1969,1
1970,0
1971,0
1972,0
1973,0
1974,0
1975,0
1976,0
1977,0
1978,0
1979,0
1980,0
1981,0
1982,0
1983,0
1984,0
1985,0
1986,0
1987,0
1988,1
1989,0
1990,0
1991,0
1992,0
1993,0
1994,0
1995,1
1996,1
1997,1
1998,0
1999,0
2000,0
2001,0
2002,0
2003,0
2004,0
2005,0
2006,0
2007,0
2008,0
2009,0
2010,0
2011,0
2012,0
2013,0
2014,0
2015,0
2016,0
2017,0
2018,0
2019,0
2020,0
2021,0
2022,0
2023,0
2024,0
2025,0
2026,0
2027,0
2028,0
2029,0
2030,0
2031,0
2032,0
2033,0
2034,0
2035,0
2036,0
2037,0
2038,0
2039,0
2040,0
2041,1
2042,0
2043,0
2044,0
2045,0
2046,0
2047,0
2048,0
2049,0
2050,0
2051,0
2052,0
2053,0
2054,0
2055,0
2056,0
2057,0
2058,0
2059,0
2060,0
2061,0
2062,0
2063,0
2064,0
2065,0
2066,0
2067,0
2068,0
2069,0
2070,0
2071,0
2072,0
2073,0
2074,0
2075,1
2076,1
2077,0
2078,0
2079,0
2080,0
2081,0
2082,0
2083,1
2084,0
2085,0
2086,0
2087,0
2088,0
2089,0
2090,0
2091,0
2092,0
2093,0
2094,0
2095,0
2096,0
2097,0
2098,0
2099,0
2100,0
2101,0
2102,0
2103,1
2104,0
2105,1
2106,1
2107,1
2108,1
2109,1
2110,0
2111,1
2112,1
2113,0
2114,0
2115,0
2116,1
2117,0
2118,0
2119,1
2120,0
2121,0
2122,0
2123,0
2124,0
2125,0
2126,1
2127,0
2128,0
2129,0
2130,1
2131,0
2132,0
2133,0
2134,0
2135,1
2136,1
2137,1
2138,1
2139,0
2140,0
2141,0
2142,0
2143,1
2144,1
2145,1
2146,0
2147,2
2148,1
2149,0
2150,0
2151,1
2152,1
2153,1
2154,1
2155,0
2156,1
2157,2
2158,1
2159,1
2160,1
2161,1
2162,1
2163,2
2164,1
2165,1
2166,1
2167,1
2168,1
2169,1
2170,1
2171,2
2172,1
2173,0
2174,1
2175,0
2176,0
2177,1
2178,1
2179,0
2180,0
2181,1
2182,2
2183,1
2184,1
2185,2
2186,2
2187,2
2188,1
2189,1
2190,1
2191,1
2192,1
2193,1
2194,0
2195,1
2196,1
2197,1
2198,1
2199,1
2200,0
2201,1
2202,1
2203,1
2204,1
2205,0
2206,1
2207,1
2208,1
2209,0
2210,0
2211,0
2212,1
2213,1
2214,0
2215,1
2216,1
2217,2
2218,1
2219,1
2220,1
2221,1
2222,1
2223,1
2224,0
2225,0
2226,1
2227,0
2228,0
2229,0
2230,0
2231,0
2232,0
2233,1
2234,1
2235,1
2236,2
2237,2
2238,1
2239,0
2240,0
2241,0
2242,0
2243,0
2244,2
2245,1
2246,1
2247,1
2248,0
2249,0
2250,0
2251,1
2252,1
2253,1
2254,0
2255,0
2256,0
2257,0
2258,0
2259,0
2260,0
2261,0
2262,0
2263,0
2264,0
2265,0
2266,1
2267,0
2268,0
2269,0
2270,0
2271,0
2272,1
2273,1
2274,1
2275,0
2276,0
2277,0
2278,1
2279,0
2280,0
2281,0
2282,0
2283,0
2284,0
2285,0
2286,0
2287,0
2288,0
2289,0
2290,0
2291,0
2292,1
2293,1
2294,1
2295,1
2296,1
2297,1
2298,1
2299,1
2300,1
2301,0
2302,1
2303,0
2304,0
2305,0
2306,0
2307,0
2308,0
2309,0
2310,0
2311,0
2312,0
2313,0
2314,0
2315,1
2316,1
2317,1
2318,0
2319,1
2320,1
2321,0
2322,0
2323,0
2324,1
2325,1
2326,1
2327,0
2328,0
2329,0
2330,0
2331,0
2332,0
2333,0
2334,1
2335,1
2336,1
2337,1
2338,0
2339,1
2340,0
2341,0
2342,0
2343,0
2344,0
2345,1
2346,1
2347,1
2348,2
2349,1
2350,1
2351,0
2352,0
2353,1
2354,0
2355,0
2356,0
2357,0
2358,0
2359,0
2360,0
2361,0
2362,0
2363,0
2364,0
2365,0
2366,0
2367,0
2368,0
2369,0
2370,0
2371,0
2372,0
2373,1
2374,0
2375,0
2376,0
2377,0
2378,0
2379,0
2380,0
2381,0
2382,0
2383,0
2384,0
2385,0
2386,0
2387,0
2388,1
2389,0
2390,0
2391,0
2392,0
2393,0
2394,0
2395,0
2396,0
2397,0
2398,0
2399,0
2400,0
2401,0
2402,0
2403,0
2404,0
2405,0
2406,0
2407,1
2408,0
2409,0
2410,0
2411,0
2412,0
2413,0
2414,0
2415,0
2416,0
2417,0
2418,0
2419,0
2420,0
2421,0
2422,0
2423,1
2424,1
2425,1
2426,1
2427,0
2428,0
2429,0
2430,0
2431,0
2432,0
2433,1
2434,1
2435,0
2436,0
2437,0
2438,0
2439,0
2440,0
2441,0
2442,0
2443,1
2444,1
2445,1
2446,1
2447,1
2448,1
2449,2
2450,1
2451,0
2452,0
2453,0
2454,0
2455,0
2456,0
2457,0
2458,0
2459,0
2460,0
2461,0
2462,0
2463,0
2464,0
2465,0
2466,0
2467,1
2468,1
2469,0
2470,2
2471,1
2472,0
2473,0
2474,0
2475,0
2476,0
2477,0
2478,1
2479,1
2480,1
2481,1
2482,1
2483,1
2484,0
2485,1
2486,0
2487,1
2488,1
2489,0
2490,1
2491,0
2492,1
2493,1
2494,1
2495,2
2496,0
2497,0
2498,0
2499,0
2500,0
2501,0
2502,0
2503,0
2504,0
2505,1
2506,0
2507,0
2508,1
2509,0
2510,0
2511,1
2512,0
2513,0
2514,0
2515,0
2516,1
2517,0
2518,1
2519,0
2520,0
2521,0
2522,1
2523,1
2524,1
2525,0
2526,0
2527,1
2528,1
2529,1
2530,1
2531,2
2532,1
2533,1
2534,1
2535,0
2536,1
2537,1
2538,0
2539,0
2540,0
2541,0
2542,0
2543,0
2544,1
2545,1
2546,0
2547,0
2548,1
2549,1
2550,0
2551,0
2552,1
2553,0
2554,1
2555,1
2556,0
2557,0
2558,0
2559,0
2560,1
2561,1
2562,1
2563,1
2564,1
2565,0
2566,0
2567,0
2568,0
2569,1
2570,0
2571,1
2572,1
2573,0
2574,0
2575,0
2576,0
2577,0
2578,0
2579,0
2580,0
2581,0
2582,1
2583,1
2584,0
2585,1
2586,0
2587,0
2588,0
2589,1
2590,0
2591,1
2592,0
2593,0
2594,0
2595,0
2596,0
2597,1
2598,0
2599,0
2600,0
2601,0
2602,0
2603,0
2604,1
2605,0
2606,0
2607,0
2608,0
2609,0
2610,0
2611,0
2612,0
2613,1
2614,1
2615,0
2616,0
2617,0
2618,0
2619,0
2620,0
2621,0
2622,0
2623,0
2624,0
2625,0
2626,0
2627,0
2628,0
2629,1
2630,0
2631,0
2632,1
2633,1
2634,1
2635,1
2636,1
2637,1
2638,0
2639,2
2640,2
2641,1
2642,1
2643,0
2644,0
2645,1
2646,0
2647,1
2648,0
2649,0
2650,0
2651,1
2652,1
2653,0
2654,1
2655,1
2656,1
2657,1
2658,0
2659,1
2660,1
2661,1
2662,1
2663,0
2664,0
2665,0
2666,0
2667,1
2668,1
2669,0
2670,0
2671,0
2672,0
2673,0
2674,0
2675,1
2676,0
2677,1
2678,1
2679,0
2680,1
2681,0
2682,1
2683,1
2684,1
2685,0
2686,0
2687,1
2688,1
2689,1
2690,1
2691,1
2692,2
2693,1
2694,1
2695,1
2696,0
2697,0
2698,0
2699,0
2700,0
2701,0
2702,0
2703,0
2704,0
2705,1
2706,1
2707,0
2708,0
2709,0
2710,1
2711,1
2712,1
2713,0
2714,0
2715,1
2716,0
2717,0
2718,0
2719,0
2720,0
2721,1
2722,1
2723,0
2724,1
2725,0
2726,0
2727,1
2728,0
2729,0
2730,0
2731,1
2732,1
2733,0
2734,0
2735,0
2736,0
2737,0
2738,0
2739,0
2740,0
2741,1
2742,0
2743,1
2744,0
2745,1
2746,0
2747,0
2748,0
2749,0
2750,0
2751,0
2752,0
2753,0
2754,0
2755,0
2756,0
2757,1
2758,0
2759,0
2760,0
2761,0
2762,0
2763,0
2764,0
2765,0
2766,0
2767,0
2768,0
2769,0
2770,0
2771,0
2772,0
2773,0
2774,0
2775,0
2776,0
2777,0
2778,0
2779,0
2780,0
2781,0
2782,0
2783,0
2784,0
2785,0
2786,0
2787,0
2788,0
2789,0
2790,0
2791,0
2792,0
2793,0
2794,0
2795,1
2796,0
2797,0
2798,0
2799,0
2800,0
2801,0
2802,0
2803,0
2804,0
2805,0
2806,1
2807,2
2808,0
2809,0
2810,0
2811,0
2812,0
2813,1
2814,0
2815,0
2816,0
2817,0
2818,0
2819,0
2820,0
2821,0
2822,0
2823,0
2824,0
2825,0
2826,0
2827,2
2828,1
2829,1
2830,1
2831,0
2832,0
2833,0
2834,0
2835,1
2836,1
2837,1
2838,1
2839,0
2840,0
2841,1
2842,1
2843,0
2844,0
2845,0
2846,1
2847,0
2848,0
2849,0
2850,0
2851,0
2852,1
2853,1
2854,1
2855,1
2856,1
2857,1
2858,1
2859,2
2860,1
2861,1
2862,1
2863,1
2864,0
2865,1
2866,0
2867,0
2868,1
2869,1
2870,1
2871,1
2872,0
2873,0
2874,0
2875,0
2876,0
2877,0
2878,0
2879,0
2880,0
2881,0
2882,1
2883,2
2884,1
2885,0
2886,1
2887,1
2888,0
2889,1
2890,2
2891,1
2892,0
2893,0
2894,0
2895,0
2896,0
2897,0
2898,0
2899,0
2900,0
2901,0
2902,0
2903,0
2904,0
2905,0
2906,1
2907,2
2908,2
2909,2
2910,2
2911,0
2912,0
2913,1
2914,1
2915,2
2916,2
2917,2
2918,2
2919,1
2920,1
2921,1
2922,1
2923,0
2924,0
2925,2
2926,2
2927,1
2928,2
2929,2
2930,1
2931,1
2932,1
2933,1
2934,0
2935,2
2936,2
2937,1
2938,1
2939,2
2940,1
2941,0
2942,0
2943,0
2944,1
2945,1
2946,1
2947,2
2948,2
2949,2
2950,2
2951,0
2952,1
2953,1
2954,1
2955,0
2956,0
2957,0
2958,0
2959,0
2960,0
2961,1
2962,0
2963,1
2964,0
2965,0
2966,0
2967,0
2968,0
2969,0
2970,0
2971,0
2972,0
2973,1
2974,0
2975,0
2976,1
2977,1
2978,1
2979,1
2980,1
2981,0
2982,0
2983,1
2984,1
2985,1
2986,2
2987,2
2988,1
2989,0
2990,0
2991,0
2992,0
2993,1
2994,1
2995,1
2996,1
2997,0
2998,1
2999,1
3000,0
3001,1
3002,1
3003,1
3004,0
3005,0
3006,0
3007,1
3008,1
3009,1
3010,1
3011,1
3012,0
3013,0
3014,0
3015,0
3016,0
3017,1
3018,1
3019,1
3020,1
3021,0
3022,0
3023,1
3024,2
3025,1
3026,1
3027,0
3028,0
3029,0
3030,1
3031,0
3032,0
3033,0
3034,0
3035,0
3036,0
3037,0
3038,0
3039,0
3040,0
3041,0
3042,0
3043,0
3044,0
3045,0
3046,1
3047,0
3048,0
3049,0
3050,0
3051,0
3052,0
3053,0
3054,0
3055,0
3056,0
3057,0
3058,1
3059,0
3060,1
3061,1
3062,1
3063,1
3064,0
3065,1
3066,1
3067,1
3068,0
3069,0
3070,1
3071,1
3072,1
3073,1
3074,1
3075,0
3076,0
3077,0
3078,0
3079,0
3080,0
3081,0
3082,1
3083,0
3084,1
3085,1
3086,0
3087,0
3088,0
3089,0
3090,0
3091,0
3092,0
3093,0
3094,0
3095,0
3096,0
3097,0
3098,0
3099,0
3100,0
3101,0
3102,0
3103,0
3104,0
3105,0
3106,0
3107,0
3108,0
3109,0
3110,0
3111,0
3112,1
3113,0
3114,0
3115,0
3116,0
3117,0
3118,0
3119,0
3120,0
3121,0
3122,0
3123,0
3124,0
3125,0
3126,0
3127,0
3128,0
3129,0
3130,0
3131,0
3132,0
3133,0
3134,0
3135,0
3136,0
3137,0
3138,0
3139,0
3140,0
3141,0
3142,0
3143,0
3144,0
3145,0
3146,0
3147,0
3148,0
3149,0
3150,0
3151,0
3152,0
3153,0
3154,0
3155,0
3156,0
3157,0
3158,0
3159,0
3160,0
3161,0
3162,0
3163,0
3164,0
3165,0
3166,0
3167,0
3168,0
3169,0
3170,0
3171,0
3172,0
3173,0
3174,0
3175,0
3176,0
3177,1
3178,0
3179,0
3180,1
3181,1
3182,1
3183,0
3184,0
3185,0
3186,0
3187,0
3188,0
3189,0
3190,0
3191,0
3192,0
3193,0
3194,0
3195,0
3196,0
3197,0
3198,0
3199,0
3200,0
3201,0
3202,0
3203,0
3204,0
3205,0
3206,0
3207,1
3208,1
3209,0
3210,0
3211,1
3212,0
3213,0
3214,0
3215,0
3216,1
3217,0
3218,0
3219,0
3220,0
3221,0
3222,0
3223,0
3224,1
3225,2
3226,1
3227,2
3228,1
3229,2
3230,2
3231,1
3232,1
3233,2
3234,1
3235,2
3236,1
3237,0
3238,1
3239,0
3240,0
3241,0
3242,2
3243,1
3244,2
3245,2
3246,2
3247,1
3248,0
3249,2
3250,1
3251,0
3252,0
3253,1
3254,0
3255,0
3256,0
3257,0
3258,0
3259,0
3260,0
3261,0
3262,1
3263,1
3264,2
3265,1
3266,1
3267,2
3268,1
3269,0
3270,0
3271,0
3272,0
3273,1
3274,1
3275,1
3276,1
3277,2
3278,2
3279,2
3280,1
3281,0
3282,0
3283,0
3284,0
3285,1
3286,2
3287,2
3288,1
3289,1
3290,1
3291,1
3292,1
3293,1
3294,1
3295,1
3296,0
3297,0
3298,0
3299,0
3300,1
3301,0
3302,0
3303,1
3304,0
3305,0
3306,0
3307,0
3308,0
3309,0
3310,0
3311,0
3312,0
3313,0
3314,0
3315,0
3316,0
3317,0
3318,0
3319,0
3320,0
3321,0
3322,1
3323,1
3324,1
3325,1
3326,1
3327,1
3328,1
3329,1
3330,2
3331,1
3332,0
3333,1
3334,1
3335,2
3336,1
3337,1
3338,1
3339,2
3340,1
3341,1
3342,1
3343,1
3344,1
3345,1
3346,0
3347,0
3348,0
3349,0
3350,1
3351,0
3352,1
3353,1
3354,0
3355,1
3356,0
3357,0
3358,0
3359,0
3360,0
3361,0
3362,1
3363,1
3364,0
3365,0
3366,0
3367,1
3368,1
3369,1
3370,1
3371,0
3372,0
3373,0
3374,1
3375,0
3376,0
3377,0
3378,0
3379,0
3380,0
3381,1
3382,1
3383,1
3384,0
3385,1
3386,1
3387,0
3388,1
3389,0
3390,1
3391,1
3392,1
3393,0
3394,0
3395,1
3396,0
3397,0
3398,0
3399,0
3400,0
3401,0
3402,0
3403,0
3404,0
3405,1
3406,1
3407,1
3408,0
3409,0
3410,0
3411,0
3412,0
3413,0
3414,0
3415,0
3416,0
3417,0
3418,0
3419,0
3420,0
3421,0
3422,1
3423,0
3424,1
3425,0
3426,0
3427,1
3428,0
3429,0
3430,0
3431,0
3432,0
3433,0
3434,0
3435,0
3436,0
3437,0
3438,0
3439,0
3440,1
3441,1
3442,0
3443,0
3444,1
3445,0
3446,0
3447,0
3448,0
3449,0
3450,0
3451,0
3452,0
3453,0
3454,0
3455,0
3456,0
3457,0
3458,0
3459,1
3460,0
3461,0
3462,0
3463,1
3464,1
3465,0
3466,0
3467,0
3468,0
3469,0
3470,0
3471,0
3472,0
3473,0
3474,0
3475,0
3476,0
3477,0
3478,0
3479,0
3480,0
3481,0
3482,1
3483,1
3484,0
3485,0
3486,0
3487,0
3488,0
3489,0
3490,0
3491,0
3492,0
3493,0
3494,0
3495,0
3496,0
3497,0
3498,0
3499,0
3500,0
3501,0
3502,0
3503,0
3504,0
3505,0
3506,0
3507,0
3508,0
3509,0
3510,0
3511,0
3512,0
3513,0
3514,1
3515,1
3516,1
3517,0
3518,0
3519,0
3520,0
3521,0
3522,0
3523,0
3524,0
3525,0
3526,0
3527,0
3528,0
3529,0
3530,0
3531,1
3532,0
3533,0
3534,0
3535,0
3536,0
3537,0
3538,0
3539,0
3540,0
3541,0
3542,0
3543,1
3544,0
3545,0
3546,0
3547,0
3548,0
3549,0
3550,0
3551,0
3552,0
3553,0
3554,1
3555,2
3556,1
3557,2
3558,0
3559,1
3560,1
3561,1
3562,0
3563,0
3564,1
3565,0
3566,1
3567,1
3568,1
3569,0
3570,0
3571,0
3572,1
3573,1
3574,1
3575,2
3576,1
3577,2
3578,0
3579,0
3580,0
3581,1
3582,0
3583,0
3584,0
3585,0
3586,1
3587,0
3588,0
3589,0
3590,0
3591,0
3592,0
3593,0
3594,0
3595,0
3596,0
3597,1
3598,1
3599,0
3600,1
3601,0
3602,0
3603,1
3604,1
3605,1
3606,2
3607,1
3608,0
3609,0
3610,0
3611,0
3612,0
3613,0
3614,1
3615,1
3616,1
3617,1
3618,1
3619,1
3620,2
3621,2
3622,1
3623,1
3624,1
3625,1
3626,0
3627,0
3628,0
3629,0
3630,0
3631,0
3632,1
3633,1
3634,1
3635,1
3636,1
3637,2
3638,1
3639,0
3640,1
3641,2
3642,1
3643,1
3644,1
3645,1
3646,1
3647,1
3648,1
3649,0
3650,0
3651,2
3652,1
3653,2
3654,2
3655,1
3656,1
3657,2
3658,1
3659,1
3660,1
3661,1
3662,0
3663,1
3664,0
3665,0
3666,0
3667,0
3668,1
3669,1
3670,0
3671,0
3672,0
3673,0
3674,0
3675,2
3676,1
3677,1
3678,1
3679,1
3680,2
3681,1
3682,1
3683,0
3684,0
3685,1
3686,1
3687,1
3688,1
3689,0
3690,0
3691,0
3692,1
3693,0
3694,0
3695,0
3696,0
3697,0
3698,0
3699,1
3700,0
3701,0
3702,0
3703,1
3704,1
3705,1
3706,0
3707,0
3708,0
3709,1
3710,0
3711,1
3712,0
3713,0
3714,0
3715,1
3716,1
3717,0
3718,1
3719,1
3720,1
3721,1
3722,1
3723,1
3724,0
3725,1
3726,1
3727,0
3728,1
3729,1
3730,0
3731,1
3732,0
3733,1
3734,1
3735,1
3736,1
3737,1
3738,0
3739,0
3740,0
3741,0
3742,0
3743,1
3744,1
3745,1
3746,1
3747,1
3748,1
3749,0
3750,0
3751,0
3752,0
3753,1
3754,1
3755,0
3756,0
3757,1
3758,1
3759,1
3760,1
3761,1
3762,1
3763,1
3764,0
3765,0
3766,0
3767,1
3768,1
3769,0
3770,0
3771,0
3772,1
3773,0
3774,0
3775,0
3776,0
3777,0
3778,0
3779,0
3780,0
3781,0
3782,0
3783,0
3784,0
3785,0
3786,0
3787,0
3788,0
3789,1
3790,0
3791,0
3792,1
3793,1
3794,1
3795,1
3796,0
3797,0
3798,0
3799,0
3800,0
3801,0
3802,1
3803,1
3804,0
3805,1
3806,1
3807,0
3808,0
3809,0
3810,1
3811,0
3812,0
3813,0
3814,0
3815,0
3816,0
3817,0
3818,0
3819,0
3820,0
3821,0
3822,0
3823,0
3824,0
3825,0
3826,0
3827,0
3828,0
3829,0
3830,0
3831,0
3832,0
3833,0
3834,0
3835,0
3836,0
3837,0
3838,0
3839,0
3840,0
3841,0
3842,0
3843,0
3844,0
3845,0
3846,0
3847,0
3848,0
3849,0
3850,0
3851,0
3852,0
3853,0
3854,0
3855,0
3856,0
3857,0
3858,0
3859,0
3860,0
3861,0
3862,1
3863,0
3864,0
3865,0
3866,0
3867,0
3868,0
3869,0
3870,1
3871,0
3872,0
3873,0
3874,0
3875,0
3876,0
3877,0
3878,0
3879,1
3880,1
3881,1
3882,1
3883,0
3884,0
3885,1
3886,1
3887,0
3888,0
3889,0
3890,0
3891,0
3892,1
3893,0
3894,0
3895,0
3896,0
3897,0
3898,0
3899,0
3900,0
3901,0
3902,0
3903,0
3904,0
3905,0
3906,0
3907,0
3908,0
3909,0
3910,0
3911,0
3912,0
3913,1
3914,0
3915,0
3916,1
3917,0
3918,0
3919,0
3920,0
3921,0
3922,0
3923,0
3924,0
3925,1
3926,1
3927,1
3928,0
3929,1
3930,0
3931,1
3932,0
3933,0
3934,0
3935,0
3936,0
3937,0
3938,0
3939,0
3940,0
3941,0
3942,1
3943,0
3944,0
3945,0
3946,0
3947,0
3948,0
3949,0
3950,0
3951,0
3952,0
3953,1
3954,1
3955,1
3956,2
3957,1
3958,1
3959,1
3960,1
3961,1
3962,0
3963,1
3964,2
3965,1
3966,0
3967,0
3968,0
3969,0
3970,0
3971,0
3972,0
3973,1
3974,1
3975,0
3976,0
3977,0
3978,1
3979,0
3980,0
3981,0
3982,0
3983,0
3984,1
3985,1
3986,0
3987,0
3988,0
3989,0
3990,1
3991,0
3992,0
3993,0
3994,0
3995,1
3996,1
3997,1
3998,0
3999,0
4000,1
4001,1
4002,1
4003,2
4004,2
4005,1
4006,0
4007,1
4008,1
4009,1
4010,1
4011,1
4012,2
4013,1
4014,1
4015,2
4016,2
4017,0
4018,1
4019,1
4020,1
4021,1
4022,1
4023,0
4024,0
4025,1
4026,0
4027,0
4028,0
4029,0
4030,0
4031,0
4032,0
4033,0
4034,0
4035,0
4036,0
4037,0
4038,1
4039,1
4040,0
4041,1
4042,0
4043,0
4044,0
4045,0
4046,0
4047,0
4048,0
4049,0
4050,1
4051,1
4052,0
4053,0
4054,1
4055,1
4056,1
4057,1
4058,1
4059,0
4060,1
4061,0
4062,1
4063,0
4064,0
4065,0
4066,0
4067,1
4068,2
4069,1
4070,1
4071,1
4072,0
4073,0
4074,1
4075,1
4076,1
4077,0
4078,1
4079,0
4080,1
4081,1
4082,1
4083,0
4084,0
4085,0
4086,0
4087,1
4088,2
4089,1
4090,1
4091,0
4092,0
4093,0
4094,1
4095,1
4096,1
4097,0
4098,1
4099,0
4100,0
4101,1
4102,0
4103,0
4104,1
4105,1
4106,1
4107,1
4108,0
4109,0
4110,0
4111,0
4112,1
4113,1
4114,0
4115,0
4116,1
4117,1
4118,0
4119,0
4120,0
4121,1
4122,0
4123,0
4124,0
4125,0
4126,0
4127,0
4128,0
4129,0
4130,0
4131,1
4132,0
4133,0
4134,1
4135,1
4136,1
4137,2
4138,1
4139,1
4140,1
4141,0
4142,0
4143,0
4144,0
4145,1
4146,1
4147,1
4148,0
4149,0
4150,0
4151,1
4152,1
4153,0
4154,0
4155,0
4156,0
4157,0
4158,0
4159,0
4160,0
4161,0
4162,0
4163,0
4164,0
4165,0
4166,0
4167,1
4168,1
4169,1
4170,0
4171,0
4172,0
4173,0
4174,0
4175,1
4176,1
4177,1
4178,0
4179,0
4180,0
4181,0
4182,1
4183,0
4184,0
4185,1
4186,0
4187,0
4188,0
4189,0
4190,0
4191,0
4192,0
4193,0
4194,0
4195,0
4196,0
4197,0
4198,0
4199,0
4200,0
4201,0
4202,0
4203,0
4204,0
4205,0
4206,2
4207,0
4208,0
4209,0
4210,0
4211,0
4212,0
4213,0
4214,0
4215,0
4216,0
4217,0
4218,0
4219,0
4220,0
4221,0
4222,0
4223,0
4224,0
4225,0
4226,0
4227,0
4228,0
4229,0
4230,0
4231,0
4232,0
4233,0
4234,0
4235,0
4236,1
4237,0
4238,0
4239,0
4240,0
4241,0
4242,0
4243,0
4244,0
4245,0
4246,0
4247,0
4248,0
4249,0
4250,1
4251,0
4252,0
4253,1
4254,0
4255,0
4256,0
4257,0
4258,0
4259,0
4260,0
4261,1
4262,1
4263,1
4264,0
4265,0
4266,0
4267,0
4268,0
4269,0
4270,0
4271,0
4272,1
4273,0
4274,0
4275,1
4276,0
4277,0
4278,0
4279,0
4280,0
4281,0
4282,0
4283,0
4284,0
4285,1
4286,1
4287,0
4288,1
4289,0
4290,1
4291,0
4292,0
4293,0
4294,0
4295,0
4296,0
4297,0
4298,0
4299,1
4300,1
4301,1
4302,0
4303,1
4304,0
4305,0
4306,0
4307,1
4308,0
4309,1
4310,0
4311,0
4312,1
4313,1
4314,1
4315,1
4316,0
4317,1
4318,0
4319,0
4320,0
4321,0
4322,1
4323,2
4324,2
4325,2
4326,1
4327,1
4328,1
4329,1
4330,1
4331,0
4332,1
4333,0
4334,2
4335,1
4336,1
4337,2
4338,1
4339,1
4340,0
4341,0
4342,0
4343,2
4344,1
4345,0
4346,0
4347,0
4348,0
4349,0
4350,0
4351,0
4352,0
4353,0
4354,0
4355,0
4356,0
4357,0
4358,0
4359,1
4360,0
4361,2
4362,2
4363,1
4364,1
4365,0
4366,1
4367,1
4368,1
4369,1
4370,0
4371,0
4372,0
4373,0
4374,1
4375,0
4376,1
4377,1
4378,2
4379,1
4380,0
4381,0
4382,1
4383,2
4384,1
4385,0
4386,1
4387,1
4388,0
4389,1
4390,1
4391,1
4392,0
4393,2
4394,1
4395,1
4396,0
4397,0
4398,1
4399,0
4400,1
4401,0
4402,2
4403,1
4404,1
4405,0
4406,0
4407,0
4408,1
4409,0
4410,1
4411,1
4412,1
4413,1
4414,0
4415,1
4416,0
4417,0
4418,0
4419,1
4420,1
4421,1
4422,1
4423,1
4424,1
4425,1
4426,0
4427,0
4428,0
4429,0
4430,0
4431,0
4432,2
4433,1
4434,1
4435,1
4436,0
4437,0
4438,0
4439,1
4440,0
4441,1
4442,0
4443,0
4444,1
4445,1
4446,1
4447,0
4448,2
4449,1
4450,0
4451,0
4452,0
4453,0
4454,0
4455,0
4456,0
4457,0
4458,1
4459,0
4460,0
4461,1
4462,2
4463,1
4464,0
4465,2
4466,2
4467,1
4468,0
4469,0
4470,2
4471,1
4472,1
4473,1
4474,1
4475,1
4476,1
4477,0
4478,1
4479,1
4480,1
4481,1
4482,2
4483,1
4484,0
4485,0
4486,0
4487,1
4488,1
4489,0
4490,0
4491,0
4492,0
4493,0
4494,2
4495,1
4496,1
4497,1
4498,1
4499,0
4500,0
4501,1
4502,0
4503,1
4504,0
4505,0
4506,0
4507,1
4508,1
4509,0
4510,0
4511,0
4512,0
4513,0
4514,0
4515,1
4516,1
4517,1
4518,1
4519,2
4520,1
4521,1
4522,0
4523,1
4524,1
4525,0
4526,0
4527,0
4528,1
4529,1
4530,1
4531,2
4532,1
4533,1
4534,0
4535,1
4536,0
4537,1
4538,1
4539,1
4540,0
4541,0
4542,0
4543,0
4544,0
4545,0
4546,0
4547,0
4548,0
4549,1
4550,0
4551,0
4552,0
4553,0
4554,0
4555,0
4556,0
4557,0
4558,0
4559,0
4560,1
4561,1
4562,0
4563,0
4564,0
4565,0
4566,0
4567,0
4568,0
4569,0
4570,0
4571,0
4572,0
4573,0
4574,0
4575,0
4576,0
4577,0
4578,0
4579,0
4580,0
4581,0
4582,0
4583,0
4584,0
4585,0
4586,0
4587,0
4588,0
4589,0
4590,0
4591,0
4592,0
4593,0
4594,0
4595,0
4596,0
4597,0
4598,1
4599,0
4600,0
4601,0
4602,0
4603,0
4604,0
4605,0
4606,0
4607,0
4608,0
4609,0
4610,0
4611,0
4612,0
4613,0
4614,0
4615,0
4616,0
4617,0
4618,0
4619,0
4620,1
4621,0
4622,0
4623,0
4624,0
4625,0
4626,0
4627,0
4628,1
4629,1
4630,0
4631,0
4632,0
4633,0
4634,0
4635,0
4636,1
4637,1
4638,1
4639,2
4640,1
4641,0
4642,0
4643,0
4644,1
4645,0
4646,0
4647,1
4648,0
4649,0
4650,0
4651,0
4652,0
4653,0
4654,0
4655,0
4656,0
4657,0
4658,0
4659,1
4660,1
4661,2
4662,0
4663,0
4664,0
4665,0
4666,0
4667,0
4668,0
4669,0
4670,0
4671,0
4672,0
4673,0
4674,2
4675,2
4676,2
4677,1
4678,0
4679,1
4680,0
4681,2
4682,1
4683,1
4684,0
4685,0
4686,0
4687,0
4688,2
4689,1
4690,1
4691,2
4692,1
4693,1
4694,0
4695,1
4696,0
4697,0
4698,1
4699,2
4700,1
4701,1
4702,1
4703,1
4704,1
4705,0
4706,0
4707,0
4708,1
4709,1
4710,1
4711,1
4712,2
4713,1
4714,0
4715,0
4716,0
4717,0
4718,1
4719,1
4720,2
4721,2
4722,1
4723,2
4724,1
4725,1
4726,1
4727,1
4728,0
4729,0
4730,1
4731,1
4732,1
4733,0
4734,0
4735,0
4736,1
4737,1
4738,2
4739,2
4740,2
4741,1
4742,0
4743,0
4744,0
4745,0
4746,0
4747,0
4748,1
4749,0
4750,1
4751,1
4752,1
4753,0
4754,1
4755,1
4756,2
4757,0
4758,2
4759,2
4760,1
4761,1
4762,0
4763,0
4764,1
4765,0
4766,0
4767,0
4768,0
4769,0
4770,0
4771,0
4772,1
4773,0
4774,0
4775,0
4776,0
4777,0
4778,1
4779,1
4780,1
4781,1
4782,0
4783,0
4784,0
4785,0
4786,1
4787,1
4788,1
4789,1
4790,1
4791,0
4792,1
4793,0
4794,0
4795,0
4796,1
4797,1
4798,1
4799,0
4800,0
4801,1
4802,2
4803,1
4804,1
4805,1
4806,1
4807,0
4808,0
4809,1
4810,1
4811,1
4812,2
4813,0
4814,1
4815,2
4816,2
4817,1
4818,2
4819,1
4820,1
4821,0
4822,1
4823,1
4824,0
4825,1
4826,1
4827,1
4828,1
4829,1
4830,1
4831,1
4832,1
4833,0
4834,1
4835,1
4836,0
4837,1
4838,1
4839,1
4840,1
4841,0
4842,0
4843,1
4844,1
4845,0
4846,1
4847,1
4848,2
4849,1
4850,0
4851,1
4852,0
4853,0
4854,0
4855,0
4856,0
4857,1
4858,2
4859,1
4860,1
4861,1
4862,1
4863,1
4864,0
4865,1
4866,0
4867,0
4868,1
4869,1
4870,1
4871,1
4872,0
4873,0
4874,1
4875,0
4876,0
4877,0
4878,1
4879,0
4880,1
4881,0
4882,0
4883,0
4884,0
4885,0
4886,1
4887,0
4888,1
4889,1
4890,1
4891,1
4892,0
4893,2
4894,1
4895,1
4896,1
4897,0
4898,0
4899,0
4900,0
4901,0
4902,0
4903,0
4904,0
4905,0
4906,1
4907,1
4908,0
4909,0
4910,0
4911,0
4912,1
4913,0
4914,0
4915,0
4916,0
4917,0
4918,0
4919,0
4920,0
4921,1
4922,1
4923,0
4924,0
4925,0
4926,0
4927,0
4928,0
4929,0
4930,0
4931,0
4932,0
4933,0
4934,0
4935,0
4936,1
4937,0
4938,0
4939,0
4940,1
4941,1
4942,0
4943,0
4944,0
4945,0
4946,0
4947,0
4948,0
4949,0
4950,0
4951,0
4952,0
4953,0
4954,0
4955,0
4956,0
4957,0
4958,0
4959,0
4960,0
4961,0
4962,0
4963,0
4964,0
4965,0
4966,0
4967,0
4968,0
4969,0
4970,0
4971,0
4972,0
4973,0
4974,0
4975,0
4976,0
4977,0
4978,0
4979,0
4980,0
4981,1
4982,0
4983,0
4984,0
4985,0
4986,0
4987,0
4988,0
4989,0
4990,0
4991,0
4992,0
4993,0
4994,0
4995,0
4996,0
4997,0
4998,0
4999,0
5000,0
5001,0
5002,0
5003,0
5004,1
5005,1
5006,0
5007,0
5008,0
5009,0
5010,0
5011,1
5012,1
5013,1
5014,0
5015,0
5016,0
5017,1
5018,1
5019,1
5020,1
5021,0
5022,0
5023,1
5024,0
5025,1
5026,1
5027,1
5028,1
5029,1
5030,1
5031,0
5032,0
5033,0
5034,0
5035,0
5036,0
5037,0
5038,0
5039,0
5040,0
5041,0
5042,0
5043,0
5044,1
5045,1
5046,1
5047,1
5048,0
5049,1
5050,0
5051,0
5052,1
5053,1
5054,1
5055,1
5056,0
5057,0
5058,1
5059,1
5060,0
5061,1
5062,0
5063,1
5064,2
5065,1
5066,1
5067,0
5068,2
5069,2
5070,2
5071,1
5072,0
5073,0
5074,1
5075,0
5076,0
5077,1
5078,0
5079,0
5080,0
5081,0
5082,0
5083,0
5084,0
5085,0
5086,0
5087,0
5088,0
5089,0
5090,0
5091,1
5092,0
5093,0
5094,0
5095,0
5096,0
5097,0
5098,0
5099,0
5100,0
5101,0
5102,1
5103,1
5104,1
5105,2
5106,2
5107,2
5108,0
5109,0
5110,1
5111,0
5112,1
5113,1
5114,1
5115,0
5116,0
5117,1
5118,1
5119,0
5120,0
5121,0
5122,1
5123,1
5124,1
5125,2
5126,2
5127,2
5128,2
5129,1
5130,1
5131,0
5132,2
5133,1
5134,1
5135,0
5136,0
5137,1
5138,2
5139,0
5140,1
5141,0
5142,0
5143,0
5144,0
5145,0
5146,1
5147,1
5148,1
5149,1
5150,0
5151,1
5152,1
5153,1
5154,0
5155,1
5156,1
5157,1
5158,1
5159,1
5160,0
5161,1
5162,0
5163,1
5164,1
5165,1
5166,0
5167,1
5168,1
5169,0
5170,0
5171,0
5172,1
5173,1
5174,0
5175,0
5176,0
5177,1
5178,1
5179,2
5180,1
5181,2
5182,2
5183,1
5184,1
5185,0
5186,1
5187,2
5188,2
5189,1
5190,0
5191,0
5192,1
5193,0
5194,1
5195,1
5196,2
5197,2
5198,1
5199,1
5200,0
5201,1
5202,1
5203,1
5204,0
5205,0
5206,0
5207,0
5208,1
5209,1
5210,1
5211,1
5212,0
5213,1
5214,1
5215,1
5216,1
5217,1
5218,0
5219,0
5220,0
5221,0
5222,0
5223,1
5224,1
5225,1
5226,0
5227,1
5228,1
5229,1
5230,1
5231,1
5232,1
5233,0
5234,0
5235,0
5236,0
5237,0
5238,0
5239,0
5240,0
5241,0
5242,0
5243,0
5244,0
5245,0
5246,0
5247,0
5248,1
5249,1
5250,1
5251,0
5252,1
5253,1
5254,0
5255,0
5256,0
5257,0
5258,0
5259,0
5260,1
5261,0
5262,1
5263,1
5264,0
5265,0
5266,1
5267,1
5268,0
5269,0
5270,0
5271,1
5272,0
5273,0
5274,0
5275,0
5276,0
5277,0
5278,0
5279,0
5280,0
5281,1
5282,1
5283,1
5284,1
5285,1
5286,0
5287,0
5288,0
5289,1
5290,1
5291,1
5292,0
5293,0
5294,0
5295,0
5296,0
5297,0
5298,0
5299,0
5300,0
5301,0
5302,0
5303,0
5304,0
5305,0
5306,0
5307,0
5308,0
5309,0
5310,0
5311,0
5312,0
5313,0
5314,0
5315,0
5316,0
5317,0
5318,0
5319,0
5320,0
5321,0
5322,0
5323,0
5324,0
5325,0
5326,0
5327,0
5328,0
5329,0
5330,0
5331,0
5332,0
5333,0
5334,0
5335,0
5336,0
5337,0
5338,0
5339,0
5340,0
5341,0
5342,0
5343,0
5344,0
5345,0
5346,0
5347,0
5348,0
5349,0
5350,0
5351,0
5352,0
5353,0
5354,0
5355,0
5356,0
5357,0
5358,0
5359,0
5360,0
5361,1
5362,0
5363,0
5364,0
5365,0
5366,0
5367,0
5368,0
5369,0
5370,0
5371,0
5372,0
5373,0
5374,0
5375,0
5376,0
5377,0
5378,0
5379,0
5380,0
5381,0
5382,0
5383,0
5384,0
5385,0
5386,0
5387,0
5388,0
5389,0
5390,0
5391,0
5392,0
5393,2
5394,1
5395,2
5396,2
5397,1
5398,0
5399,1
5400,1
5401,1
5402,1
5403,1
5404,1
5405,1
5406,0
5407,0
5408,1
5409,2
5410,1
5411,1
5412,1
5413,1
5414,1
5415,1
5416,0
5417,0
5418,1
5419,0
5420,1
5421,1
5422,0
5423,1
5424,1
5425,0
5426,1
5427,0
5428,0
5429,2
5430,2
5431,2
5432,2
5433,1
5434,0
5435,1
5436,1
5437,0
5438,0
5439,0
5440,1
5441,1
5442,1
5443,2
5444,1
5445,1
5446,2
5447,0
5448,1
5449,1
5450,1
5451,1
5452,0
5453,1
5454,0
5455,0
5456,1
5457,1
5458,1
5459,1
5460,1
5461,1
5462,2
5463,1
5464,1
5465,2
5466,1
5467,2
5468,0
5469,0
5470,0
5471,0
5472,0
5473,0
5474,0
5475,0
5476,0
5477,0
5478,0
5479,1
5480,1
5481,0
5482,1
5483,1
5484,0
5485,0
5486,0
5487,0
5488,0
5489,0
5490,0
5491,0
5492,0
5493,0
5494,0
5495,0
5496,1
5497,1
5498,1
5499,1
5500,1
5501,1
5502,1
5503,1
5504,0
5505,0
5506,0
5507,0
5508,0
5509,1
5510,1
5511,1
5512,0
5513,1
5514,0
5515,0
5516,0
5517,0
5518,0
5519,0
5520,0
5521,0
5522,1
5523,0
5524,1
5525,1
5526,1
5527,1
5528,0
5529,1
5530,0
5531,0
5532,1
5533,0
5534,0
5535,0
5536,0
5537,1
5538,1
5539,0
5540,0
5541,0
5542,0
5543,0
5544,0
5545,0
5546,0
5547,0
5548,1
5549,0
5550,0
5551,2
5552,1
5553,1
5554,0
5555,0
5556,0
5557,0
5558,1
5559,1
5560,0
5561,0
5562,0
5563,0
5564,0
5565,0
5566,0
5567,1
5568,1
5569,2
5570,1
5571,1
5572,0
5573,1
5574,0
5575,1
5576,1
5577,1
5578,0
5579,0
5580,0
5581,1
5582,1
5583,0
5584,0
5585,0
5586,0
5587,0
5588,0
5589,0
5590,0
5591,0
5592,1
5593,0
5594,0
5595,0
5596,0
5597,0
5598,0
5599,0
5600,0
5601,0
5602,0
5603,0
5604,0
5605,1
5606,0
5607,0
5608,1
5609,1
5610,0
5611,1
5612,1
5613,0
5614,2
5615,1
5616,1
5617,0
5618,1
5619,1
5620,1
5621,1
5622,1
5623,1
5624,0
5625,0
5626,0
5627,0
5628,0
5629,0
5630,0
5631,0
5632,0
5633,0
5634,0
5635,0
5636,0
5637,1
5638,0
5639,0
5640,0
5641,0
5642,1
5643,1
5644,0
5645,0
5646,0
5647,1
5648,1
5649,1
5650,1
5651,0
5652,0
5653,0
5654,0
5655,0
5656,0
5657,0
5658,0
5659,0
5660,0
5661,0
5662,0
5663,0
5664,0
5665,0
5666,0
5667,0
5668,0
5669,0
5670,0
5671,0
5672,0
5673,0
5674,0
5675,0
5676,0
5677,0
5678,0
5679,0
5680,0
5681,0
5682,0
5683,0
5684,0
5685,0
5686,0
5687,0
5688,0
5689,0
5690,0
5691,0
5692,0
5693,0
5694,0
5695,1
5696,0
5697,0
5698,0
5699,0
5700,0
5701,0
5702,0
5703,0
5704,0
5705,0
5706,0
5707,1
5708,0
5709,0
5710,1
5711,1
5712,0
5713,1
5714,1
5715,0
5716,0
5717,0
5718,0
5719,0
5720,0
5721,2
5722,1
5723,0
5724,0
5725,0
5726,0
5727,0
5728,0
5729,0
5730,0
5731,0
5732,0
5733,0
5734,0
5735,0
5736,1
5737,1
5738,1
5739,1
5740,1
5741,0
5742,0
5743,1
5744,2
5745,2
5746,1
5747,1
5748,1
5749,0
5750,0
5751,0
5752,0
5753,1
5754,1
5755,0
5756,0
5757,0
5758,1
5759,0
5760,0
5761,0
5762,0
5763,0
5764,0
5765,0
5766,0
5767,0
5768,0
5769,0
5770,0
5771,0
5772,0
5773,1
5774,0
5775,0
5776,0
5777,0
5778,1
5779,1
5780,1
5781,1
5782,1
5783,1
5784,1
5785,1
5786,0
5787,0
5788,0
5789,1
5790,0
5791,0
5792,1
5793,1
5794,0
5795,1
5796,1
5797,0
5798,0
5799,0
5800,0
5801,0
5802,0
5803,0
5804,0
5805,0
5806,0
5807,0
5808,1
5809,1
5810,0
5811,0
5812,0
5813,1
5814,0
5815,0
5816,0
5817,0
5818,0
5819,1
5820,1
5821,0
5822,1
5823,0
5824,0
5825,1
5826,0
5827,1
5828,0
5829,0
5830,1
5831,0
5832,0
5833,0
5834,0
5835,0
5836,0
5837,0
5838,0
5839,0
5840,0
5841,1
5842,0
5843,0
5844,0
5845,1
5846,1
5847,1
5848,0
5849,1
5850,1
5851,0
5852,0
5853,0
5854,0
5855,0
5856,0
5857,0
5858,0
5859,0
5860,0
5861,0
5862,0
5863,0
5864,0
5865,1
5866,1
5867,1
5868,1
5869,0
5870,0
5871,0
5872,0
5873,1
5874,0
5875,1
5876,1
5877,1
5878,0
5879,1
5880,2
5881,1
5882,1
5883,2
5884,2
5885,1
5886,2
5887,2
5888,1
5889,1
5890,0
5891,0
5892,1
5893,1
5894,0
5895,0
5896,1
5897,0
5898,1
5899,1
5900,1
5901,0
5902,2
5903,1
5904,0
5905,2
5906,1
5907,0
5908,0
5909,0
5910,0
5911,1
5912,0
5913,1
5914,0
5915,0
5916,0
5917,0
5918,0
5919,0
5920,0
5921,0
5922,1
5923,1
5924,1
5925,2
5926,1
5927,1
5928,1
5929,1
5930,0
5931,1
5932,0
5933,1
5934,0
5935,0
5936,1
5937,0
5938,0
5939,0
5940,0
5941,0
5942,0
5943,0
5944,0
5945,1
5946,0
5947,1
5948,0
5949,1
5950,1
5951,2
5952,1
5953,1
5954,1
5955,1
5956,0
5957,0
5958,0
5959,0
5960,0
5961,1
5962,1
5963,1
5964,0
5965,0
5966,1
5967,1
5968,1
5969,0
5970,0
5971,0
5972,0
5973,0
5974,0
5975,1
5976,1
5977,0
5978,0
5979,0
5980,0
5981,1
5982,0
5983,0
5984,0
5985,1
5986,1
5987,0
5988,0
5989,0
5990,0
5991,0
5992,0
5993,0
5994,0
5995,0
5996,0
5997,0
5998,0
5999,0
6000,0
6001,1
6002,0
6003,0
6004,1
6005,1
6006,0
6007,0
6008,0
6009,1
6010,0
6011,0
6012,0
6013,0
6014,0
6015,1
6016,1
6017,0
6018,0
6019,0
6020,0
6021,0
6022,0
6023,0
6024,0
6025,0
6026,0
6027,0
6028,0
6029,0
6030,0
6031,0
6032,1
6033,0
6034,0
6035,0
6036,0
6037,0
6038,0
6039,0
6040,0
6041,1
6042,1
6043,1
6044,0
6045,0
6046,0
6047,0
6048,0
6049,0
6050,0
6051,1
6052,0
6053,0
6054,0
6055,0
6056,0
6057,0
6058,0
6059,0
6060,0
6061,0
6062,1
6063,0
6064,0
6065,0
6066,0
6067,0
6068,0
6069,0
6070,0
6071,0
6072,0
6073,0
6074,0
6075,0
6076,0
6077,0
6078,0
6079,0
6080,1
6081,0
6082,0
6083,0
6084,0
6085,0
6086,0
6087,0
6088,0
6089,0
6090,0
6091,0
6092,0
6093,0
6094,0
6095,0
6096,0
6097,0
6098,0
6099,0
6100,0
6101,0
6102,0
6103,0
6104,1
6105,1
6106,1
6107,0
6108,0
6109,0
6110,1
6111,1
6112,0
6113,0
6114,0
6115,0
6116,0
6117,0
6118,0
6119,0
6120,0
6121,0
6122,1
6123,0
6124,1
6125,1
6126,1
6127,0
6128,1
6129,0
6130,0
6131,1
6132,1
6133,2
6134,1
6135,1
6136,1
6137,1
6138,0
6139,1
6140,1
6141,2
6142,1
6143,0
6144,1
6145,1
6146,1
6147,0
6148,1
6149,0
6150,0
6151,0
6152,0
6153,0
6154,0
6155,2
6156,1
6157,0
6158,0
6159,0
6160,0
6161,1
6162,1
6163,2
6164,1
6165,1
6166,0
6167,0
6168,0
6169,1
6170,2
6171,1
6172,0
6173,1
6174,0
6175,1
6176,2
6177,1
6178,1
6179,0
6180,0
6181,1
6182,2
6183,1
6184,1
6185,0
6186,0
6187,1
6188,1
6189,1
6190,1
6191,1
6192,2
6193,1
6194,1
6195,0
6196,2
6197,0
6198,0
6199,1
6200,1
6201,1
6202,0
6203,0
6204,0
6205,0
6206,0
6207,1
6208,1
6209,0
6210,0
6211,0
6212,0
6213,0
6214,1
6215,1
6216,0
6217,0
6218,1
6219,1
6220,2
6221,1
6222,1
6223,0
6224,0
6225,0
6226,1
6227,0
6228,0
6229,0
6230,0
6231,0
6232,0
6233,0
6234,0
6235,1
6236,1
6237,1
6238,1
6239,1
6240,2
6241,2
6242,1
6243,2
6244,1
6245,0
6246,0
6247,0
6248,0
6249,0
6250,0
6251,0
6252,0
6253,0
6254,0
6255,0
6256,0
6257,0
6258,0
6259,0
6260,1
6261,1
6262,0
6263,0
6264,1
6265,0
6266,0
6267,0
6268,0
6269,0
6270,0
6271,0
6272,0
6273,1
6274,0
6275,1
6276,2
6277,2
6278,0
6279,1
6280,0
6281,0
6282,1
6283,1
6284,1
6285,2
6286,1
6287,1
6288,0
6289,1
6290,0
6291,0
6292,1
6293,1
6294,1
6295,0
6296,1
6297,0
6298,1
6299,1
6300,1
6301,0
6302,0
6303,0
6304,1
6305,0
6306,1
6307,1
6308,0
6309,0
6310,0
6311,0
6312,0
6313,0
6314,1
6315,0
6316,1
6317,1
6318,1
6319,0
6320,0
6321,1
6322,0
6323,0
6324,0
6325,0
6326,0
6327,0
6328,0
6329,1
6330,0
6331,0
6332,0
6333,0
6334,1
6335,1
6336,0
6337,0
6338,0
6339,0
6340,0
6341,0
6342,0
6343,0
6344,1
6345,1
6346,0
6347,0
6348,0
6349,0
6350,0
6351,0
6352,0
6353,0
6354,0
6355,2
6356,1
6357,0
6358,0
6359,0
6360,0
6361,0
6362,0
6363,0
6364,0
6365,0
6366,0
6367,0
6368,0
6369,0
6370,0
6371,0
6372,0
6373,0
6374,0
6375,0
6376,0
6377,0
6378,0
6379,0
6380,0
6381,0
6382,0
6383,0
6384,0
6385,0
6386,0
6387,0
6388,0
6389,0
6390,0
6391,0
6392,0
6393,0
6394,0
6395,0
6396,0
6397,0
6398,0
6399,0
6400,0
6401,0
6402,0
6403,0
6404,0
6405,0
6406,0
6407,0
6408,0
6409,0
6410,0
6411,0
6412,0
6413,0
6414,0
6415,0
6416,0
6417,0
6418,0
6419,0
6420,0
6421,0
6422,0
6423,0
6424,0
6425,0
6426,0
6427,0
6428,0
6429,0
6430,0
6431,0
6432,0
6433,0
6434,0
6435,0
6436,0
6437,0
6438,0
6439,0
6440,0
6441,0
6442,0
6443,0
6444,1
6445,1
6446,0
6447,0
6448,0
6449,0
6450,0
6451,0
6452,0
6453,0
6454,0
6455,0
6456,0
6457,0
6458,0
6459,0
6460,0
6461,1
6462,0
6463,2
6464,0
6465,0
6466,0
6467,1
6468,0
6469,0
6470,0
6471,1
6472,0
6473,0
6474,0
6475,0
6476,0
6477,0
6478,0
6479,0
6480,0
6481,0
6482,0
6483,1
6484,0
6485,0
6486,1
6487,0
6488,0
6489,0
6490,0
6491,0
6492,0
6493,1
6494,0
6495,1
6496,0
6497,0
6498,0
6499,0
6500,0
6501,2
6502,1
6503,0
6504,1
6505,0
6506,1
6507,2
6508,1
6509,1
6510,0
6511,0
6512,1
6513,0
6514,2
6515,1
6516,0
6517,0
6518,1
6519,1
6520,1
6521,0
6522,2
6523,1
6524,1
6525,1
6526,1
6527,0
6528,0
6529,0
6530,1
6531,1
6532,0
6533,0
6534,0
6535,0
6536,0
6537,1
6538,2
6539,1
6540,1
6541,2
6542,1
6543,2
6544,2
6545,2
6546,1
6547,2
6548,1
6549,2
6550,2
6551,1
6552,0
6553,1
6554,2
6555,1
6556,1
6557,1
6558,2
6559,1
6560,2
6561,1
6562,0
6563,0
6564,1
6565,1
6566,0
6567,0
6568,0
6569,0
6570,0
6571,1
6572,0
6573,1
6574,1
6575,0
6576,0
6577,1
6578,0
6579,1
6580,2
6581,1
6582,1
6583,1
6584,1
6585,2
6586,1
6587,2
6588,1
6589,1
6590,1
6591,1
6592,0
6593,0
6594,1
6595,1
6596,2
6597,1
6598,1
6599,1
6600,0
6601,1
6602,1
6603,1
6604,1
6605,0
6606,0
6607,0
6608,0
6609,0
6610,1
6611,1
6612,1
6613,1
6614,0
6615,1
6616,1
6617,1
6618,1
6619,0
6620,1
6621,0
6622,0
6623,0
6624,0
6625,1
6626,1
6627,1
6628,1
6629,1
6630,1
6631,1
6632,1
6633,1
6634,1
6635,1
6636,1
6637,1
6638,1
6639,2
6640,2
6641,1
6642,1
6643,1
6644,0
6645,0
6646,0
6647,1
6648,1
6649,1
6650,1
6651,0
6652,0
6653,1
6654,1
6655,0
6656,0
6657,0
6658,0
6659,0
6660,0
6661,0
6662,0
6663,0
6664,0
6665,0
6666,0
6667,0
6668,1
6669,1
6670,2
6671,0
6672,0
6673,0
6674,0
6675,0
6676,0
6677,1
6678,1
6679,1
6680,1
6681,0
6682,0
6683,1
6684,0
6685,1
6686,0
6687,0
6688,0
6689,1
6690,0
6691,0
6692,0
6693,0
6694,0
6695,0
6696,0
6697,0
6698,0
6699,0
6700,1
6701,1
6702,1
6703,0
6704,0
6705,1
6706,0
6707,0
6708,1
6709,0
6710,0
6711,0
6712,0
6713,0
6714,0
6715,0
6716,0
6717,0
6718,0
6719,1
6720,0
6721,0
6722,0
6723,0
6724,0
6725,0
6726,1
6727,1
6728,0
6729,0
6730,0
6731,1
6732,0
6733,0
6734,0
6735,1
6736,0
6737,0
6738,0
6739,0
6740,1
6741,1
6742,0
6743,0
6744,0
6745,0
6746,0
6747,0
6748,0
6749,0
6750,0
6751,0
6752,0
6753,0
6754,1
6755,1
6756,1
6757,1
6758,0
6759,0
6760,0
6761,0
6762,0
6763,0
6764,0
6765,0
6766,0
6767,0
6768,0
6769,0
6770,0
6771,0
6772,0
6773,0
6774,0
6775,0
6776,0
6777,0
6778,0
6779,0
6780,0
6781,0
6782,0
6783,0
6784,0
6785,0
6786,1
6787,1
6788,0
6789,0
6790,0
6791,0
6792,0
6793,0
6794,0
6795,0
6796,0
6797,0
6798,0
6799,0
6800,0
6801,0
6802,0
6803,0
6804,0
6805,0
6806,0
6807,0
6808,0
6809,1
6810,1
6811,1
6812,0
6813,0
6814,0
6815,1
6816,0
6817,0
6818,0
6819,0
6820,0
6821,0
6822,0
6823,0
6824,0
6825,0
6826,2
6827,0
6828,0
6829,0
6830,1
6831,0
6832,1
6833,0
6834,0
6835,0
6836,0
6837,0
6838,0
6839,0
6840,1
6841,1
6842,0
6843,1
6844,1
6845,1
6846,1
6847,0
6848,1
6849,0
6850,0
6851,1
6852,2
6853,2
6854,1
6855,2
6856,2
6857,1
6858,1
6859,1
6860,0
6861,1
6862,1
6863,1
6864,1
6865,2
6866,1
6867,0
6868,0
6869,1
6870,1
6871,0
6872,1
6873,0
6874,0
6875,2
6876,0
6877,0
6878,0
6879,0
6880,0
6881,1
6882,1
6883,1
6884,2
6885,1
6886,1
6887,0
6888,0
6889,1
6890,1
6891,1
6892,1
6893,1
6894,2
6895,2
6896,1
6897,1
6898,1
6899,1
6900,1
6901,1
6902,1
6903,0
6904,1
6905,1
6906,1
6907,0
6908,1
6909,1
6910,1
6911,2
6912,0
6913,0
6914,1
6915,1
6916,0
6917,0
6918,0
6919,1
6920,1
6921,0
6922,1
6923,1
6924,0
6925,0
6926,1
6927,1
6928,0
6929,0
6930,1
6931,1
6932,1
6933,1
6934,0
6935,0
6936,0
6937,0
6938,1
6939,2
6940,2
6941,2
6942,1
6943,0
6944,0
6945,0
6946,0
6947,0
6948,2
6949,2
6950,1
6951,1
6952,1
6953,1
6954,0
6955,0
6956,0
6957,0
6958,0
6959,0
6960,0
6961,0
6962,1
6963,0
6964,1
6965,2
6966,2
6967,2
6968,1
6969,1
6970,2
6971,2
6972,1
6973,0
6974,0
6975,0
6976,1
6977,2
6978,2
6979,0
6980,1
6981,1
6982,2
6983,2
6984,1
6985,0
6986,1
6987,0
6988,1
6989,1
6990,1
6991,0
6992,1
6993,1
6994,1
6995,1
6996,1
6997,2
6998,1
6999,1
7000,0
7001,1
7002,0
7003,1
7004,2
7005,2
7006,0
7007,1
7008,1
7009,0
7010,1
7011,1
7012,0
7013,1
7014,2
7015,1
7016,1
7017,1
7018,1
7019,1
7020,1
7021,0
7022,0
7023,0
7024,0
7025,0
7026,0
7027,1
7028,1
7029,1
7030,1
7031,1
7032,1
7033,1
7034,1
7035,1
7036,0
7037,1
7038,1
7039,1
7040,1
7041,1
7042,0
7043,1
7044,1
7045,1
7046,1
7047,1
7048,1
7049,0
7050,1
7051,0
7052,0
7053,1
7054,0
7055,0
7056,1
7057,0
7058,0
7059,0
7060,0
7061,0
7062,1
7063,1
7064,1
7065,1
7066,1
7067,1
7068,0
7069,0
7070,0
7071,0
7072,0
7073,0
7074,0
7075,0
7076,0
7077,0
7078,0
7079,0
7080,0
7081,0
7082,1
7083,0
7084,0
7085,1
7086,0
7087,0
7088,0
7089,0
7090,1
7091,1
7092,1
7093,0
7094,0
7095,0
7096,0
7097,1
7098,1
7099,0
7100,0
7101,0
7102,0
7103,0
7104,0
7105,0
7106,0
7107,0
7108,0
7109,0
7110,0
7111,0
7112,0
7113,0
7114,0
7115,0
7116,0
7117,0
7118,0
7119,0
7120,0
7121,0
7122,0
7123,0
7124,0
7125,0
7126,0
7127,0
7128,0
7129,0
7130,0
7131,0
7132,0
7133,0
7134,0
7135,0
7136,0
7137,0
7138,0
7139,0
7140,0
7141,0
7142,0
7143,0
7144,0
7145,0
7146,0
7147,0
7148,0
7149,0
7150,0
7151,0
7152,0
7153,0
7154,0
7155,0
7156,1
7157,0
7158,0
7159,0
7160,0
7161,0
7162,0
7163,0
7164,0
7165,0
7166,0
7167,0
7168,0
7169,0
7170,0
7171,0
7172,0
7173,0
7174,0
7175,0
7176,0
7177,0
7178,0
7179,0
7180,0
7181,0
7182,0
7183,1
7184,0
7185,0
7186,0
7187,0
7188,0
7189,0
7190,0
7191,1
7192,1
7193,2
7194,2
7195,0
7196,0
7197,0
7198,0
7199,0
7200,0
7201,0
7202,0
7203,1
7204,0
7205,1
7206,0
7207,0
7208,0
7209,0
7210,0
7211,1
7212,0
7213,0
7214,1
7215,1
7216,1
7217,1
7218,0
7219,0
7220,0
7221,0
7222,0
7223,2
7224,1
7225,2
7226,2
7227,0
7228,0
7229,0
7230,1
7231,0
7232,0
7233,0
7234,0
7235,0
7236,0
7237,1
7238,1
7239,1
7240,1
7241,0
7242,0
7243,1
7244,1
7245,1
7246,0
7247,1
7248,2
7249,0
7250,2
7251,1
7252,1
7253,0
7254,1
7255,1
7256,1
7257,1
7258,1
7259,0
7260,1
7261,1
7262,0
7263,1
7264,0
7265,1
7266,0
7267,1
7268,1
7269,0
7270,0
7271,0
7272,0
7273,0
7274,0
7275,0
7276,0
7277,0
7278,0
7279,0
7280,0
7281,0
7282,0
7283,0
7284,2
7285,1
7286,0
7287,1
7288,1
7289,1
7290,1
7291,0
7292,1
7293,1
7294,1
7295,0
7296,0
