"","PRCP","Year","Month","Day","rain","daynum","mP","sdP","detP","detP2"
"1",1.21,1950,1,6,2,6,1.37833333333333,0.595060221042095,-0.168333333333333,1.29666666666667
"2",0.77,1950,1,7,2,7,1.30125,0.953316579106857,-0.53125,0.93375
"3",1.29,1950,1,10,2,10,1.20571428571429,0.522224742154832,0.0842857142857143,1.54928571428571
"4",1.01,1950,1,13,2,13,1.3975,1.14882237841315,-0.3875,1.0775
"5",0.89,1950,1,20,2,20,1.518,1.05808842310608,-0.628,0.837
"6",0.83,1950,1,21,2,21,0.945555555555556,0.31635071957841,-0.115555555555556,1.34944444444444
"7",1.53,1950,1,26,2,26,1.194,0.307619895325384,0.336,1.801
"8",1.27,1950,1,27,2,27,1.71,0.703379596763268,-0.44,1.025
"9",1.29,1950,2,24,2,55,1.34142857142857,0.345032779671177,-0.0514285714285714,1.41357142857143
"10",0.91,1950,3,16,2,75,1.024,0.210546906887753,-0.114,1.351
"11",0.96,1950,10,3,2,276,0.925,0.0494974746830583,0.0349999999999999,1.5
"12",0.7,1950,10,5,2,278,0.85,0.141067359796659,-0.15,1.315
"13",0.87,1950,10,17,2,290,0.97,0.24576411454889,-0.1,1.365
"14",0.91,1950,10,26,2,299,1.094,0.377266484066634,-0.184,1.281
"15",1.26,1950,10,27,2,300,1.17,0.495147885556859,0.0900000000000001,1.555
"16",1.93,1950,10,28,2,301,1.19,0.650230728280354,0.74,2.205
"17",1.91,1950,10,29,2,302,1.11,0.543016267405192,0.8,2.265
"18",3.61,1950,11,15,2,319,1.715,1.04916633571612,1.895,3.36
"19",0.85,1950,11,16,2,320,0.884,0.104546640309481,-0.034,1.431
"20",1.78,1950,11,17,2,321,1.13,0.367117147515613,0.65,2.115
"21",1.15,1951,1,2,2,2,1.124,0.265198039208438,0.026,1.491
"22",0.76,1951,1,14,2,14,1.14,0.419099563880046,-0.38,1.085
"23",1.52,1951,1,17,2,17,1.352,0.477139625499939,0.168,1.633
"24",0.98,1951,1,21,2,21,0.945555555555556,0.31635071957841,0.0344444444444444,1.49944444444444
"25",1.26,1951,2,4,2,35,0.99,0.185652004208591,0.27,1.735
"26",0.74,1951,2,11,2,42,1.025,0.558181571414416,-0.285,1.18
"27",0.87,1951,3,5,2,64,1.00444444444444,0.362426237706071,-0.134444444444444,1.33055555555556
"28",1.1,1951,10,1,2,274,0.99,0.155563491861041,0.11,1.575
"29",0.74,1951,10,11,2,284,0.995,0.382055842340706,-0.255,1.21
"30",0.87,1951,10,22,2,295,1.01285714285714,0.199559037690127,-0.142857142857143,1.32214285714286
"31",0.78,1951,11,10,2,314,1.11166666666667,0.500736124786965,-0.331666666666667,1.13333333333333
"32",1.27,1951,11,11,2,315,1.08444444444444,0.284214316630563,0.185555555555555,1.65055555555556
"33",0.71,1951,11,27,2,331,1.485,0.774532116829251,-0.775,0.69
"34",0.74,1951,11,29,2,333,0.99,0.332114438108312,-0.25,1.215
"35",1.43,1951,12,3,2,337,1.75375,1.34503252748772,-0.32375,1.14125
"36",0.87,1951,12,4,2,338,1.40545454545455,0.824455743340583,-0.535454545454546,0.929545454545455
"37",1.1,1951,12,26,2,360,1.15666666666667,0.272396769437525,-0.0566666666666666,1.40833333333333
"38",1.01,1951,12,29,2,363,0.898571428571429,0.12876704695283,0.111428571428571,1.57642857142857
"39",0.97,1952,1,9,2,9,1.26363636363636,0.367376448000487,-0.293636363636364,1.17136363636364
"40",1.13,1952,2,3,2,34,0.898,0.166343019090072,0.232,1.697
"41",0.95,1952,6,14,2,166,0.95,NA,0,1.465
"42",1.56,1952,6,28,2,180,1.56,NA,0,1.465
"43",1.1,1952,6,29,2,181,0.93,0.240416305603426,0.17,1.635
"44",0.8,1952,12,2,2,337,1.75375,1.34503252748772,-0.95375,0.51125
"45",0.71,1952,12,4,2,339,1.67888888888889,1.38599643257517,-0.968888888888889,0.496111111111111
"46",1.14,1952,12,6,2,341,1.11555555555556,0.322688360152296,0.0244444444444443,1.48944444444444
"47",0.92,1952,12,7,2,342,1.25833333333333,0.196001700672894,-0.338333333333333,1.12666666666667
"48",0.75,1952,12,10,2,345,1.211,0.570739286656643,-0.461,1.004
"49",0.73,1953,1,1,2,1,1.08,0.360924738230378,-0.35,1.115
"50",1.76,1953,1,8,2,8,1.28,0.585889636934011,0.48,1.945
"51",0.84,1953,1,17,2,17,1.352,0.477139625499939,-0.512,0.953
"52",1.58,1953,1,18,2,18,1.41666666666667,0.525268185469734,0.163333333333333,1.62833333333333
"53",1.13,1953,1,20,2,20,1.518,1.05808842310608,-0.388,1.077
"54",0.82,1953,2,2,2,33,0.783333333333333,0.055075705472861,0.0366666666666666,1.50166666666667
"55",0.88,1953,2,3,2,34,0.898,0.166343019090072,-0.018,1.447
"56",0.71,1953,2,16,2,47,1.09777777777778,0.32213265038559,-0.387777777777778,1.07722222222222
"57",1.2,1953,2,17,2,48,1.31666666666667,0.60741254514539,-0.116666666666667,1.34833333333333
"58",0.85,1953,3,16,2,75,1.024,0.210546906887753,-0.174,1.291
"59",0.84,1953,3,20,2,79,0.82,0.0282842712474618,0.0199999999999999,1.485
"60",0.8,1953,5,26,2,146,0.82,0.0346410161513775,-0.02,1.445
"61",0.7,1953,9,30,2,273,0.895,0.210633963706394,-0.195,1.27
"62",0.73,1953,10,9,2,282,1.555,1.38179834515267,-0.825,0.64
"63",0.79,1953,10,17,2,290,0.97,0.24576411454889,-0.18,1.285
"64",1.2,1953,11,21,2,325,1.14272727272727,0.346297297393177,0.0572727272727271,1.52227272727273
"65",1.93,1953,11,22,2,326,1.516,0.642827089244586,0.414,1.879
"66",1.15,1953,12,6,2,340,1.23666666666667,0.46473110504893,-0.0866666666666667,1.37833333333333
"67",2.72,1953,12,19,2,353,1.41,0.866117774901312,1.31,2.775
"68",1.24,1954,1,15,2,15,1.35,1.29610956327002,-0.11,1.355
"69",1.04,1954,1,16,2,16,1.004,0.284612797401038,0.036,1.501
"70",0.97,1954,1,22,2,22,1.02666666666667,0.303490801617885,-0.0566666666666666,1.40833333333333
"71",0.99,1954,1,25,2,25,1.33714285714286,0.287675412326363,-0.347142857142857,1.11785714285714
"72",2.66,1954,1,27,2,27,1.71,0.703379596763268,0.95,2.415
"73",1.04,1954,1,28,2,28,1.06,0.30878795313289,-0.02,1.445
"74",0.83,1954,2,12,2,43,1.54166666666667,0.98002891113817,-0.711666666666667,0.753333333333333
"75",0.86,1954,2,17,2,48,1.31666666666667,0.60741254514539,-0.456666666666667,1.00833333333333
"76",0.76,1954,4,3,2,93,0.893333333333333,0.115902257671425,-0.133333333333333,1.33166666666667
"77",0.7,1954,10,12,2,285,1.0925,0.428125760339957,-0.3925,1.0725
"78",0.75,1954,10,21,2,294,0.8425,0.118145390656315,-0.0925,1.3725
"79",0.81,1954,11,14,2,318,1.114,0.221201265819163,-0.304,1.161
"80",1,1954,11,16,2,320,0.884,0.104546640309481,0.116,1.581
"81",0.73,1955,1,15,2,15,1.35,1.29610956327002,-0.62,0.845
"82",0.71,1955,3,22,2,81,1.01833333333333,0.449373638152781,-0.308333333333333,1.15666666666667
"83",0.82,1955,4,11,2,101,1.09,0.310966236109324,-0.27,1.195
"84",0.87,1955,4,12,2,102,0.826,0.0931665175908169,0.044,1.509
"85",3.62,1955,10,9,2,282,1.555,1.38179834515267,2.065,3.53
"86",1.25,1955,10,31,2,304,1.3425,0.977149644922122,-0.0925,1.3725
"87",1.04,1955,11,18,2,322,1.08375,0.369050422416388,-0.04375,1.42125
"88",0.92,1955,11,19,2,323,1.7,1.13663245305302,-0.78,0.685
"89",1.04,1955,11,25,2,329,1.647,1.03562165978808,-0.607,0.858
"90",0.71,1955,11,26,2,330,1.23833333333333,0.665715154301498,-0.528333333333333,0.936666666666667
"91",0.89,1955,11,30,2,334,1.18083333333333,0.5802265753892,-0.290833333333333,1.17416666666667
"92",0.8,1955,12,5,2,339,1.67888888888889,1.38599643257517,-0.878888888888889,0.586111111111111
"93",1.22,1955,12,8,2,342,1.25833333333333,0.196001700672894,-0.0383333333333333,1.42666666666667
"94",0.85,1955,12,10,2,344,1.23555555555556,0.747380611052881,-0.385555555555556,1.07944444444444
"95",1.07,1955,12,18,2,352,0.99875,0.2685111064476,0.07125,1.53625
"96",2.04,1955,12,19,2,353,1.41,0.866117774901312,0.63,2.095
"97",3.02,1955,12,20,2,354,1.61,0.670799097026396,1.41,2.875
"98",3.12,1955,12,21,2,355,1.328,0.69572983262183,1.792,3.257
"99",2.59,1955,12,25,2,359,1.736,0.735683355799219,0.854,2.319
"100",1.61,1955,12,26,2,360,1.15666666666667,0.272396769437525,0.453333333333333,1.91833333333333
"101",1.53,1956,1,4,2,4,1.29857142857143,0.416070049047376,0.231428571428572,1.69642857142857
"102",1.68,1956,1,6,2,6,1.37833333333333,0.595060221042095,0.301666666666667,1.76666666666667
"103",1.17,1956,1,14,2,14,1.14,0.419099563880046,0.03,1.495
"104",1.33,1956,1,15,2,15,1.35,1.29610956327002,-0.02,1.445
"105",0.86,1956,1,22,2,22,1.02666666666667,0.303490801617885,-0.166666666666667,1.29833333333333
"106",2.08,1956,2,20,2,51,1.146,0.544316084642003,0.934,2.399
"107",0.96,1956,2,21,2,52,1.0475,0.21285474591172,-0.0874999999999999,1.3775
"108",1.13,1956,3,3,2,63,1.1125,0.311381331061021,0.0175000000000001,1.4825
"109",0.71,1956,3,4,2,64,1.00444444444444,0.362426237706071,-0.294444444444445,1.17055555555556
"110",0.74,1956,5,6,2,127,0.95,0.274043792120894,-0.21,1.255
"111",1.71,1956,10,25,2,299,1.094,0.377266484066634,0.616,2.081
"112",1.24,1956,10,29,2,303,1.1725,0.675272431795388,0.0674999999999999,1.5325
"113",1.07,1956,10,30,2,304,1.3425,0.977149644922122,-0.2725,1.1925
"114",0.76,1956,11,16,2,321,1.13,0.367117147515613,-0.37,1.095
"115",0.76,1956,12,11,2,346,1.15571428571429,0.459886114266606,-0.395714285714286,1.06928571428571
"116",0.85,1957,1,7,2,7,1.30125,0.953316579106857,-0.45125,1.01375
"117",0.7,1957,2,1,2,32,0.9825,0.30560244950402,-0.2825,1.1825
"118",0.83,1957,2,22,2,53,1.112,0.609155152649963,-0.282,1.183
"119",1.42,1957,2,24,2,55,1.34142857142857,0.345032779671177,0.0785714285714285,1.54357142857143
"120",1.01,1957,2,25,2,56,0.9175,0.100457287772798,0.0925,1.5575
"121",1.02,1957,3,6,2,65,0.942,0.191494125236259,0.0780000000000001,1.543
"122",1.22,1957,3,7,2,66,0.944,0.243577503066273,0.276,1.741
"123",0.7,1957,3,11,2,70,0.91,0.29698484809835,-0.21,1.255
"124",0.79,1957,3,12,2,71,1.02666666666667,0.366696968444882,-0.236666666666667,1.22833333333333
"125",0.7,1957,4,14,2,104,0.87,0.165227116418583,-0.17,1.295
"126",0.9,1957,9,26,2,269,1.045,0.218708329364323,-0.145,1.32
"127",0.81,1957,10,12,2,285,1.0925,0.428125760339957,-0.2825,1.1825
"128",1.35,1957,12,17,2,351,1.055,0.322711724520286,0.295,1.76
"129",0.75,1957,12,18,2,352,0.99875,0.2685111064476,-0.24875,1.21625
"130",3.24,1957,12,19,2,353,1.41,0.866117774901312,1.83,3.295
"131",1.72,1957,12,20,2,354,1.61,0.670799097026396,0.11,1.575
"132",1.33,1957,12,21,2,355,1.328,0.69572983262183,0.002,1.467
"133",0.94,1957,12,27,2,361,1.3175,0.476767388625882,-0.3775,1.0875
"134",0.72,1958,1,10,2,10,1.20571428571429,0.522224742154832,-0.485714285714286,0.979285714285714
"135",0.76,1958,1,12,2,12,1.17625,0.385187802061725,-0.41625,1.04875
"136",0.96,1958,1,16,2,16,1.004,0.284612797401038,-0.044,1.421
"137",0.78,1958,1,23,2,23,1.356,0.398911017646793,-0.576,0.889
"138",2.06,1958,1,29,2,29,1.25,0.701498396291823,0.81,2.275
"139",0.83,1958,1,30,2,30,1.06,0.321558703816271,-0.23,1.235
"140",0.8,1958,2,11,2,42,1.025,0.558181571414416,-0.225,1.24
"141",0.84,1958,2,14,2,45,1.08714285714286,0.303024437172664,-0.247142857142857,1.21785714285714
"142",2.7,1958,2,15,2,46,1.23833333333333,0.739362337874108,1.46166666666667,2.92666666666667
"143",1.76,1958,2,24,2,55,1.34142857142857,0.345032779671177,0.418571428571429,1.88357142857143
"144",0.8,1958,9,12,2,255,0.985,0.261629509039022,-0.185,1.28
"145",0.78,1958,10,31,2,304,1.3425,0.977149644922122,-0.5625,0.9025
"146",0.91,1958,11,9,2,313,1.08833333333333,0.225248011459961,-0.178333333333333,1.28666666666667
"147",0.86,1958,11,12,2,316,1.095,0.272658865879797,-0.235,1.23
"148",1.03,1958,11,18,2,322,1.08375,0.369050422416388,-0.05375,1.41125
"149",1.73,1958,11,19,2,323,1.7,1.13663245305302,0.03,1.495
"150",0.99,1958,12,26,2,360,1.15666666666667,0.272396769437525,-0.166666666666667,1.29833333333333
"151",1.81,1959,1,8,2,8,1.28,0.585889636934011,0.53,1.995
"152",1.24,1959,1,9,2,9,1.26363636363636,0.367376448000487,-0.0236363636363637,1.44136363636364
"153",3,1959,1,11,2,11,1.44833333333333,1.00559269421902,1.55166666666667,3.01666666666667
"154",2.61,1959,1,27,2,27,1.71,0.703379596763268,0.9,2.365
"155",1.93,1959,2,13,2,44,1.36428571428571,0.531189142172451,0.565714285714286,2.03071428571429
"156",1.31,1959,2,14,2,45,1.08714285714286,0.303024437172664,0.222857142857143,1.68785714285714
"157",0.73,1959,5,14,2,134,0.73,NA,0,1.465
"158",0.7,1960,1,7,2,7,1.30125,0.953316579106857,-0.60125,0.86375
"159",0.93,1960,1,27,2,27,1.71,0.703379596763268,-0.78,0.685
"160",0.72,1960,2,6,2,37,1.25666666666667,0.811582815655104,-0.536666666666667,0.928333333333333
"161",1.52,1960,2,8,2,39,1.192,0.398082905937947,0.328,1.793
"162",0.74,1960,2,9,2,40,1.33,0.773175271203108,-0.59,0.875
"163",0.71,1960,3,3,2,63,1.1125,0.311381331061021,-0.4025,1.0625
"164",0.96,1960,3,4,2,64,1.00444444444444,0.362426237706071,-0.0444444444444445,1.42055555555556
"165",1.21,1960,3,5,2,65,0.942,0.191494125236259,0.268,1.733
"166",0.77,1960,3,6,2,66,0.944,0.243577503066273,-0.174,1.291
"167",1.2,1960,3,8,2,68,1.036,0.267357438647216,0.164,1.629
"168",1.54,1960,3,29,2,89,1.205,0.366374125723965,0.335,1.8
"169",0.86,1960,5,25,2,146,0.82,0.0346410161513775,0.0399999999999999,1.505
"170",1.1,1960,11,10,2,315,1.08444444444444,0.284214316630563,0.0155555555555555,1.48055555555556
"171",0.8,1960,11,14,2,319,1.715,1.04916633571612,-0.915,0.55
"172",1.06,1960,11,17,2,322,1.08375,0.369050422416388,-0.0237499999999999,1.44125
"173",2.3,1960,11,23,2,328,1.187,0.551826260903033,1.113,2.578
"174",4.18,1960,11,24,2,329,1.647,1.03562165978808,2.533,3.998
"175",0.84,1960,12,17,2,352,0.99875,0.2685111064476,-0.15875,1.30625
"176",0.71,1960,12,18,2,353,1.41,0.866117774901312,-0.7,0.765
"177",0.78,1961,1,7,2,7,1.30125,0.953316579106857,-0.52125,0.94375
"178",1.57,1961,1,30,2,30,1.06,0.321558703816271,0.51,1.975
"179",0.82,1961,2,1,2,32,0.9825,0.30560244950402,-0.1625,1.3025
"180",2.39,1961,2,9,2,40,1.33,0.773175271203108,1.06,2.525
"181",3.87,1961,2,10,2,41,2.415,2.05768073325285,1.455,2.92
"182",1.03,1961,3,1,2,60,1.02,0.241578144706842,0.01,1.475
"183",1.28,1961,3,5,2,64,1.00444444444444,0.362426237706071,0.275555555555556,1.74055555555556
"184",0.82,1961,3,6,2,65,0.942,0.191494125236259,-0.122,1.343
"185",0.82,1961,3,19,2,78,0.936666666666667,0.101159939369957,-0.116666666666667,1.34833333333333
"186",0.88,1961,3,26,2,85,1.0425,0.253820802929941,-0.1625,1.3025
"187",0.88,1961,10,10,2,283,0.835,0.0636396103067893,0.045,1.51
"188",0.92,1961,10,26,2,299,1.094,0.377266484066634,-0.174,1.291
"189",0.96,1961,10,27,2,300,1.17,0.495147885556859,-0.21,1.255
"190",1.19,1961,11,21,2,325,1.14272727272727,0.346297297393177,0.0472727272727271,1.51227272727273
"191",2.93,1961,11,22,2,326,1.516,0.642827089244586,1.414,2.879
"192",2.17,1961,11,23,2,327,1.07181818181818,0.409727181959366,1.09818181818182,2.56318181818182
"193",1.04,1961,11,30,2,334,1.18083333333333,0.5802265753892,-0.140833333333333,1.32416666666667
"194",0.74,1961,12,13,2,347,1.30888888888889,0.770331818835955,-0.568888888888889,0.896111111111111
"195",0.95,1961,12,16,2,350,1.11285714285714,0.25753409390566,-0.162857142857143,1.30214285714286
"196",1.01,1961,12,17,2,351,1.055,0.322711724520286,-0.0449999999999999,1.42
"197",1.01,1961,12,19,2,353,1.41,0.866117774901312,-0.4,1.065
"198",1.11,1961,12,20,2,354,1.61,0.670799097026396,-0.5,0.965
"199",0.92,1962,2,13,2,44,1.36428571428571,0.531189142172451,-0.444285714285714,1.02071428571429
"200",1.08,1962,3,24,2,83,0.946666666666667,0.173877351409933,0.133333333333333,1.59833333333333
"201",1.56,1962,3,25,2,84,1.3775,0.517840065399862,0.1825,1.6475
"202",1.42,1962,3,26,2,85,1.0425,0.253820802929941,0.3775,1.8425
"203",1.32,1962,4,27,2,117,1.235,0.120208152801713,0.0850000000000002,1.55
"204",0.7,1962,5,3,2,123,0.796666666666667,0.0850490054811538,-0.0966666666666667,1.36833333333333
"205",1.22,1962,9,28,2,271,0.99,0.204205778566621,0.23,1.695
"206",1.54,1962,10,7,2,280,1.16,0.537401153701776,0.38,1.845
"207",0.98,1962,10,11,2,284,0.995,0.382055842340706,-0.015,1.45
"208",1.22,1962,10,12,2,285,1.0925,0.428125760339957,0.1275,1.5925
"209",0.81,1962,11,8,2,312,1.26285714285714,0.415199321038072,-0.452857142857143,1.01214285714286
"210",2.06,1962,11,25,2,329,1.647,1.03562165978808,0.413,1.878
"211",1.41,1962,12,2,2,336,1.21333333333333,0.586608492786734,0.196666666666667,1.66166666666667
"212",1.21,1963,1,31,2,31,1.134,0.253473645353691,0.0760000000000001,1.541
"213",0.86,1963,2,1,2,32,0.9825,0.30560244950402,-0.1225,1.3425
"214",0.99,1963,2,3,2,34,0.898,0.166343019090072,0.092,1.557
"215",0.82,1963,3,27,2,86,0.84,0.180369990112916,-0.02,1.445
"216",1.04,1963,3,28,2,87,1.0475,0.206135068987949,-0.00750000000000006,1.4575
"217",2.21,1963,3,29,2,88,1.324,0.623401957006874,0.886,2.351
"218",1.13,1963,3,30,2,89,1.205,0.366374125723965,-0.0750000000000002,1.39
"219",0.86,1963,4,12,2,102,0.826,0.0931665175908169,0.034,1.499
"220",0.84,1963,4,15,2,105,0.973333333333333,0.222336081942031,-0.133333333333333,1.33166666666667
"221",1.57,1963,5,5,2,125,1.155,0.586898628384834,0.415,1.88
"222",1.38,1963,5,6,2,126,1.145,0.332340187157677,0.235,1.7
"223",1.17,1963,9,15,2,258,0.9875,0.27232027712481,0.1825,1.6475
"224",1.08,1963,10,22,2,295,1.01285714285714,0.199559037690127,0.0671428571428572,1.53214285714286
"225",2,1963,11,7,2,311,1.476,0.804568207176993,0.524,1.989
"226",0.98,1963,11,8,2,312,1.26285714285714,0.415199321038072,-0.282857142857143,1.18214285714286
"227",1.33,1963,11,14,2,318,1.114,0.221201265819163,0.216,1.681
"228",0.8,1963,11,23,2,327,1.07181818181818,0.409727181959366,-0.271818181818182,1.19318181818182
"229",1.48,1964,1,6,2,6,1.37833333333333,0.595060221042095,0.101666666666667,1.56666666666667
"230",0.88,1964,1,16,2,16,1.004,0.284612797401038,-0.124,1.341
"231",1.83,1964,1,17,2,17,1.352,0.477139625499939,0.478,1.943
"232",1.29,1964,1,18,2,18,1.41666666666667,0.525268185469734,-0.126666666666667,1.33833333333333
"233",3.77,1964,1,19,2,19,1.52125,1.00387018938848,2.24875,3.71375
"234",1.07,1964,1,24,2,24,1.11142857142857,0.29717719581806,-0.0414285714285714,1.42357142857143
"235",1.02,1964,3,11,2,71,1.02666666666667,0.366696968444882,-0.0066666666666666,1.45833333333333
"236",0.79,1964,11,10,2,315,1.08444444444444,0.284214316630563,-0.294444444444445,1.17055555555556
"237",1.34,1964,11,11,2,316,1.095,0.272658865879797,0.245,1.71
"238",0.76,1964,11,12,2,317,1.26,0.468792775826022,-0.5,0.965
"239",1.02,1964,11,24,2,329,1.647,1.03562165978808,-0.627,0.838
"240",1.09,1964,11,27,2,332,1.2225,0.345408660657406,-0.1325,1.3325
"241",0.71,1964,11,28,2,333,0.99,0.332114438108312,-0.28,1.185
"242",0.96,1964,11,30,2,335,1.315,0.486980492422438,-0.355,1.11
"243",1.27,1964,12,1,2,336,1.21333333333333,0.586608492786734,0.0566666666666666,1.52166666666667
"244",1.42,1964,12,19,2,354,1.61,0.670799097026396,-0.19,1.275
"245",1.72,1964,12,20,2,355,1.328,0.69572983262183,0.392,1.857
"246",3.25,1964,12,21,2,356,1.31166666666667,0.957902221871662,1.93833333333333,3.40333333333333
"247",3.25,1964,12,22,2,357,1.1975,0.836057926906298,2.0525,3.5175
"248",2.08,1964,12,23,2,358,1.07,0.501477816059694,1.01,2.475
"249",1.3,1964,12,26,2,361,1.3175,0.476767388625882,-0.0174999999999998,1.4475
"250",0.76,1964,12,28,2,363,0.898571428571429,0.12876704695283,-0.138571428571429,1.32642857142857
"251",1.12,1964,12,29,2,364,1.50777777777778,0.630273309322586,-0.387777777777778,1.07722222222222
"252",1.11,1965,1,10,2,10,1.20571428571429,0.522224742154832,-0.0957142857142856,1.36928571428571
"253",1.82,1965,1,23,2,23,1.356,0.398911017646793,0.464,1.929
"254",2.26,1965,1,27,2,27,1.71,0.703379596763268,0.55,2.015
"255",1.02,1965,1,28,2,28,1.06,0.30878795313289,-0.04,1.425
"256",0.84,1965,4,18,2,108,0.84,NA,0,1.465
"257",0.95,1965,10,4,2,277,0.95,NA,0,1.465
"258",1.02,1965,11,3,2,307,1.444,0.985332431212938,-0.424,1.041
"259",1.01,1965,11,11,2,315,1.08444444444444,0.284214316630563,-0.0744444444444445,1.39055555555556
"260",1.29,1965,11,12,2,316,1.095,0.272658865879797,0.195,1.66
"261",0.8,1965,12,23,2,357,1.1975,0.836057926906298,-0.3975,1.0675
"262",0.88,1965,12,24,2,358,1.07,0.501477816059694,-0.19,1.275
"263",1.32,1965,12,27,2,361,1.3175,0.476767388625882,0.00250000000000017,1.4675
"264",1.32,1965,12,28,2,362,1.14166666666667,0.481131872554582,0.178333333333333,1.64333333333333
"265",0.92,1965,12,30,2,364,1.50777777777778,0.630273309322586,-0.587777777777778,0.877222222222222
"266",0.81,1966,1,1,2,1,1.08,0.360924738230378,-0.27,1.195
"267",1.53,1966,1,2,2,2,1.124,0.265198039208438,0.406,1.871
"268",3.87,1966,1,3,2,3,1.6,1.10866285828169,2.27,3.735
"269",2.16,1966,1,5,2,5,1.53333333333333,0.904359810399968,0.626666666666667,2.09166666666667
"270",1.18,1966,3,9,2,68,1.036,0.267357438647216,0.144,1.609
"271",0.8,1966,3,20,2,79,0.82,0.0282842712474618,-0.02,1.445
"272",1.12,1966,11,10,2,314,1.11166666666667,0.500736124786965,0.00833333333333353,1.47333333333333
"273",1.94,1966,11,13,2,317,1.26,0.468792775826022,0.68,2.145
"274",1.08,1966,11,14,2,318,1.114,0.221201265819163,-0.034,1.431
"275",1.61,1966,11,15,2,319,1.715,1.04916633571612,-0.105,1.36
"276",1.16,1966,11,19,2,323,1.7,1.13663245305302,-0.54,0.925
"277",2.5,1966,12,4,2,338,1.40545454545455,0.824455743340583,1.09454545454545,2.55954545454545
"278",0.82,1966,12,6,2,340,1.23666666666667,0.46473110504893,-0.416666666666667,1.04833333333333
"279",1.32,1966,12,7,2,341,1.11555555555556,0.322688360152296,0.204444444444444,1.66944444444444
"280",2.14,1967,1,19,2,19,1.52125,1.00387018938848,0.61875,2.08375
"281",1.08,1967,1,20,2,20,1.518,1.05808842310608,-0.438,1.027
"282",1.22,1967,1,26,2,26,1.194,0.307619895325384,0.026,1.491
"283",1.52,1967,1,27,2,27,1.71,0.703379596763268,-0.19,1.275
"284",0.75,1967,3,23,2,82,0.987142857142857,0.28877409196546,-0.237142857142857,1.22785714285714
"285",0.78,1967,5,9,2,129,0.745,0.0494974746830584,0.035,1.5
"286",0.88,1967,6,1,2,152,0.88,NA,0,1.465
"287",0.71,1967,6,21,2,172,0.71,NA,0,1.465
"288",1.38,1967,10,2,2,275,1.38,NA,0,1.465
"289",0.89,1967,10,3,2,276,0.925,0.0494974746830583,-0.035,1.43
"290",1.52,1967,10,27,2,300,1.17,0.495147885556859,0.35,1.815
"291",0.95,1967,11,29,2,333,0.99,0.332114438108312,-0.04,1.425
"292",0.9,1967,12,2,2,336,1.21333333333333,0.586608492786734,-0.313333333333333,1.15166666666667
"293",0.8,1967,12,3,2,337,1.75375,1.34503252748772,-0.95375,0.51125
"294",1.18,1967,12,4,2,338,1.40545454545455,0.824455743340583,-0.225454545454546,1.23954545454545
"295",1.34,1968,1,9,2,9,1.26363636363636,0.367376448000487,0.0763636363636364,1.54136363636364
"296",1.4,1968,1,14,2,14,1.14,0.419099563880046,0.26,1.725
"297",1.31,1968,1,16,2,16,1.004,0.284612797401038,0.306,1.771
"298",0.98,1968,1,31,2,31,1.134,0.253473645353691,-0.154,1.311
"299",0.95,1968,2,4,2,35,0.99,0.185652004208591,-0.04,1.425
"300",1.07,1968,2,19,2,50,1.2475,0.417881562168038,-0.1775,1.2875
"301",1.25,1968,2,21,2,52,1.0475,0.21285474591172,0.2025,1.6675
"302",1.04,1968,2,22,2,53,1.112,0.609155152649963,-0.0720000000000001,1.393
"303",1.01,1968,3,12,2,72,1.002,0.358008379790194,0.00800000000000001,1.473
"304",0.91,1968,3,25,2,85,1.0425,0.253820802929941,-0.1325,1.3325
"305",1.36,1968,8,16,2,229,1.28,0.183575597506858,0.0800000000000001,1.545
"306",0.86,1968,8,23,2,236,0.785,0.106066017177982,0.0750000000000001,1.54
"307",0.82,1968,8,24,2,237,0.82,NA,0,1.465
"308",0.81,1968,9,18,2,262,0.765,0.0636396103067893,0.045,1.51
"309",1.64,1968,10,11,2,285,1.0925,0.428125760339957,0.5475,2.0125
"310",0.79,1968,10,29,2,303,1.1725,0.675272431795388,-0.3825,1.0825
"311",1.36,1968,11,8,2,313,1.08833333333333,0.225248011459961,0.271666666666667,1.73666666666667
"312",2.89,1968,12,4,2,339,1.67888888888889,1.38599643257517,1.21111111111111,2.67611111111111
"313",1.64,1968,12,9,2,344,1.23555555555556,0.747380611052881,0.404444444444444,1.86944444444444
"314",1.72,1968,12,10,2,345,1.211,0.570739286656643,0.509,1.974
"315",0.89,1968,12,15,2,350,1.11285714285714,0.25753409390566,-0.222857142857143,1.24214285714286
"316",0.86,1968,12,16,2,351,1.055,0.322711724520286,-0.195,1.27
"317",1,1968,12,27,2,362,1.14166666666667,0.481131872554582,-0.141666666666667,1.32333333333333
"318",1.01,1969,1,7,2,7,1.30125,0.953316579106857,-0.29125,1.17375
"319",1.14,1969,1,9,2,9,1.26363636363636,0.367376448000487,-0.123636363636364,1.34136363636364
"320",2.21,1969,1,10,2,10,1.20571428571429,0.522224742154832,1.00428571428571,2.46928571428571
"321",1.2,1969,1,12,2,12,1.17625,0.385187802061725,0.0237499999999999,1.48875
"322",1.02,1969,1,25,2,25,1.33714285714286,0.287675412326363,-0.317142857142857,1.14785714285714
"323",0.82,1969,1,26,2,26,1.194,0.307619895325384,-0.374,1.091
"324",1.5,1969,1,31,2,31,1.134,0.253473645353691,0.366,1.831
"325",1.32,1969,2,8,2,39,1.192,0.398082905937947,0.128,1.593
"326",1.11,1969,3,17,2,76,1.04333333333333,0.246846781087648,0.0666666666666667,1.53166666666667
"327",0.76,1969,3,18,2,77,0.923333333333333,0.240901086202062,-0.163333333333333,1.30166666666667
"328",0.97,1969,4,28,2,118,0.97,NA,0,1.465
"329",0.98,1969,5,13,2,133,0.98,NA,0,1.465
"330",1.02,1969,9,17,2,260,0.915,0.148492424049175,0.105,1.57
"331",0.78,1969,10,7,2,280,1.16,0.537401153701776,-0.38,1.085
"332",0.78,1969,10,15,2,288,0.78,NA,0,1.465
"333",1.6,1969,11,4,2,308,1.14363636363636,0.389955708440657,0.456363636363637,1.92136363636364
"334",2.57,1969,12,11,2,345,1.211,0.570739286656643,1.359,2.824
"335",0.7,1969,12,19,2,353,1.41,0.866117774901312,-0.71,0.755
"336",1.78,1969,12,20,2,354,1.61,0.670799097026396,0.17,1.635
"337",0.88,1969,12,21,2,355,1.328,0.69572983262183,-0.448,1.017
"338",1,1969,12,22,2,356,1.31166666666667,0.957902221871662,-0.311666666666667,1.15333333333333
"339",1.36,1969,12,25,2,359,1.736,0.735683355799219,-0.376,1.089
"340",1.46,1970,1,9,2,9,1.26363636363636,0.367376448000487,0.196363636363636,1.66136363636364
"341",0.7,1970,1,16,2,16,1.004,0.284612797401038,-0.304,1.161
"342",1.06,1970,1,17,2,17,1.352,0.477139625499939,-0.292,1.173
"343",0.7,1970,1,21,2,21,0.945555555555556,0.31635071957841,-0.245555555555556,1.21944444444444
"344",1.47,1970,1,22,2,22,1.02666666666667,0.303490801617885,0.443333333333333,1.90833333333333
"345",1.3,1970,1,23,2,23,1.356,0.398911017646793,-0.056,1.409
"346",1.01,1970,1,24,2,24,1.11142857142857,0.29717719581806,-0.101428571428571,1.36357142857143
"347",1.68,1970,1,25,2,25,1.33714285714286,0.287675412326363,0.342857142857143,1.80785714285714
"348",1.45,1970,1,26,2,26,1.194,0.307619895325384,0.256,1.721
"349",1.45,1970,2,16,2,47,1.09777777777778,0.32213265038559,0.352222222222222,1.81722222222222
"350",0.75,1970,4,9,2,99,0.86,0.187082869338697,-0.11,1.355
"351",0.75,1970,10,22,2,295,1.01285714285714,0.199559037690127,-0.262857142857143,1.20214285714286
"352",0.74,1970,10,23,2,296,0.923333333333333,0.267270150472015,-0.183333333333333,1.28166666666667
"353",0.73,1970,10,25,2,298,0.876666666666667,0.172123986319939,-0.146666666666667,1.31833333333333
"354",0.78,1970,11,11,2,315,1.08444444444444,0.284214316630563,-0.304444444444445,1.16055555555556
"355",1.09,1970,11,23,2,327,1.07181818181818,0.409727181959366,0.0181818181818183,1.48318181818182
"356",1.4,1970,11,24,2,328,1.187,0.551826260903033,0.213,1.678
"357",0.96,1970,11,30,2,334,1.18083333333333,0.5802265753892,-0.220833333333333,1.24416666666667
"358",0.77,1970,12,1,2,335,1.315,0.486980492422438,-0.545,0.92
"359",0.82,1970,12,3,2,337,1.75375,1.34503252748772,-0.93375,0.53125
"360",0.87,1970,12,14,2,348,1.17333333333333,0.475972688292091,-0.303333333333333,1.16166666666667
"361",1.32,1970,12,15,2,349,1.635,0.704123568700835,-0.315,1.15
"362",0.94,1970,12,16,2,350,1.11285714285714,0.25753409390566,-0.172857142857143,1.29214285714286
"363",0.76,1970,12,28,2,362,1.14166666666667,0.481131872554582,-0.381666666666667,1.08333333333333
"364",0.95,1970,12,29,2,363,0.898571428571429,0.12876704695283,0.0514285714285714,1.51642857142857
"365",2.19,1970,12,30,2,364,1.50777777777778,0.630273309322586,0.682222222222222,2.14722222222222
"366",0.75,1971,1,10,2,10,1.20571428571429,0.522224742154832,-0.455714285714286,1.00928571428571
"367",0.76,1971,1,13,2,13,1.3975,1.14882237841315,-0.6375,0.8275
"368",0.79,1971,1,14,2,14,1.14,0.419099563880046,-0.35,1.115
"369",1.17,1971,1,15,2,15,1.35,1.29610956327002,-0.18,1.285
"370",1.55,1971,1,16,2,16,1.004,0.284612797401038,0.546,2.011
"371",1.24,1971,1,17,2,17,1.352,0.477139625499939,-0.112,1.353
"372",1.12,1971,1,19,2,19,1.52125,1.00387018938848,-0.40125,1.06375
"373",0.91,1971,2,4,2,35,0.99,0.185652004208591,-0.08,1.385
"374",0.72,1971,2,15,2,46,1.23833333333333,0.739362337874108,-0.518333333333333,0.946666666666667
"375",0.71,1971,2,26,2,57,0.943333333333333,0.31374086972107,-0.233333333333333,1.23166666666667
"376",0.75,1971,3,10,2,69,0.91,0.268514431641951,-0.16,1.305
"377",1.12,1971,3,11,2,70,0.91,0.29698484809835,0.21,1.675
"378",0.95,1971,3,22,2,81,1.01833333333333,0.449373638152781,-0.0683333333333334,1.39666666666667
"379",0.78,1971,3,25,2,84,1.3775,0.517840065399862,-0.5975,0.8675
"380",1.45,1971,4,8,2,98,0.983333333333333,0.404268887416944,0.466666666666667,1.93166666666667
"381",1.04,1971,4,9,2,99,0.86,0.187082869338697,0.18,1.645
"382",0.87,1971,6,24,2,175,0.87,NA,0,1.465
"383",0.76,1971,8,31,2,243,0.76,NA,0,1.465
"384",0.98,1971,9,1,2,244,1.15,0.240416305603426,-0.17,1.295
"385",0.92,1971,9,28,2,271,0.99,0.204205778566621,-0.07,1.395
"386",1.2,1971,10,19,2,292,0.96,0.180185090023194,0.24,1.705
"387",1.03,1971,11,9,2,313,1.08833333333333,0.225248011459961,-0.0583333333333333,1.40666666666667
"388",2.41,1971,11,26,2,330,1.23833333333333,0.665715154301498,1.17166666666667,2.63666666666667
"389",1.36,1971,11,28,2,332,1.2225,0.345408660657406,0.1375,1.6025
"390",1.03,1971,12,4,2,338,1.40545454545455,0.824455743340583,-0.375454545454545,1.08954545454545
"391",1.66,1971,12,5,2,339,1.67888888888889,1.38599643257517,-0.018888888888889,1.44611111111111
"392",1.29,1971,12,8,2,342,1.25833333333333,0.196001700672894,0.0316666666666667,1.49666666666667
"393",1.05,1971,12,9,2,343,1.39857142857143,0.683335656209757,-0.348571428571429,1.11642857142857
"394",0.87,1971,12,14,2,348,1.17333333333333,0.475972688292091,-0.303333333333333,1.16166666666667
"395",2.45,1972,1,11,2,11,1.44833333333333,1.00559269421902,1.00166666666667,2.46666666666667
"396",0.97,1972,1,18,2,18,1.41666666666667,0.525268185469734,-0.446666666666667,1.01833333333333
"397",0.88,1972,1,19,2,19,1.52125,1.00387018938848,-0.64125,0.82375
"398",4.26,1972,1,20,2,20,1.518,1.05808842310608,2.742,4.207
"399",0.81,1972,1,21,2,21,0.945555555555556,0.31635071957841,-0.135555555555556,1.32944444444444
"400",0.74,1972,2,23,2,54,1.02,0.509165984724039,-0.28,1.185
"401",0.71,1972,2,24,2,55,1.34142857142857,0.345032779671177,-0.631428571428571,0.833571428571429
"402",1.21,1972,2,27,2,58,1.086,0.248052413816113,0.124,1.589
"403",1.91,1972,3,1,2,61,1.1,0.495630911061851,0.81,2.275
"404",1.03,1972,3,2,2,62,1.32,0.710844568101916,-0.29,1.175
"405",0.79,1972,3,21,2,81,1.01833333333333,0.449373638152781,-0.228333333333333,1.23666666666667
"406",1.09,1972,4,5,2,96,1.005,0.120208152801713,0.085,1.55
"407",1.15,1972,4,8,2,99,0.86,0.187082869338697,0.29,1.755
"408",0.79,1972,4,12,2,103,1.0725,0.652705906208914,-0.2825,1.1825
"409",1.94,1972,5,16,2,137,1.55,0.551543289325507,0.39,1.855
"410",1.41,1972,8,16,2,229,1.28,0.183575597506858,0.13,1.595
"411",1.12,1972,9,21,2,265,1.12,NA,0,1.465
"412",1.38,1972,11,3,2,308,1.14363636363636,0.389955708440657,0.236363636363636,1.70136363636364
"413",1.2,1972,12,16,2,351,1.055,0.322711724520286,0.145,1.61
"414",1.22,1972,12,17,2,352,0.99875,0.2685111064476,0.22125,1.68625
"415",0.87,1972,12,18,2,353,1.41,0.866117774901312,-0.54,0.925
"416",1.36,1972,12,20,2,355,1.328,0.69572983262183,0.032,1.497
"417",1,1972,12,22,2,357,1.1975,0.836057926906298,-0.1975,1.2675
"418",0.96,1972,12,23,2,358,1.07,0.501477816059694,-0.11,1.355
"419",0.88,1972,12,24,2,359,1.736,0.735683355799219,-0.856,0.609
"420",1.3,1973,1,12,2,12,1.17625,0.385187802061725,0.12375,1.58875
"421",0.99,1973,3,19,2,78,0.936666666666667,0.101159939369957,0.0533333333333333,1.51833333333333
"422",0.77,1973,10,21,2,294,0.8425,0.118145390656315,-0.0725,1.3925
"423",0.77,1973,10,31,2,304,1.3425,0.977149644922122,-0.5725,0.8925
"424",1.77,1973,11,4,2,308,1.14363636363636,0.389955708440657,0.626363636363636,2.09136363636364
"425",1.25,1973,11,5,2,309,1.14,0.21142374511866,0.11,1.575
"426",1.97,1973,11,8,2,312,1.26285714285714,0.415199321038072,0.707142857142857,2.17214285714286
"427",1.16,1973,11,11,2,315,1.08444444444444,0.284214316630563,0.0755555555555554,1.54055555555556
"428",1.08,1973,11,12,2,316,1.095,0.272658865879797,-0.0149999999999999,1.45
"429",0.86,1973,11,13,2,317,1.26,0.468792775826022,-0.4,1.065
"430",1.33,1973,11,14,2,318,1.114,0.221201265819163,0.216,1.681
"431",2.08,1973,11,15,2,319,1.715,1.04916633571612,0.365,1.83
"432",1.74,1973,11,20,2,324,1.44777777777778,0.601659741419055,0.292222222222222,1.75722222222222
"433",0.77,1973,11,21,2,325,1.14272727272727,0.346297297393177,-0.372727272727273,1.09227272727273
"434",1.6,1973,11,28,2,332,1.2225,0.345408660657406,0.3775,1.8425
"435",0.95,1973,12,6,2,340,1.23666666666667,0.46473110504893,-0.286666666666667,1.17833333333333
"436",0.91,1973,12,7,2,341,1.11555555555556,0.322688360152296,-0.205555555555556,1.25944444444444
"437",1.4,1973,12,12,2,346,1.15571428571429,0.459886114266606,0.244285714285714,1.70928571428571
"438",1.12,1973,12,13,2,347,1.30888888888889,0.770331818835955,-0.188888888888889,1.27611111111111
"439",1.36,1973,12,16,2,350,1.11285714285714,0.25753409390566,0.247142857142857,1.71214285714286
"440",1.53,1973,12,20,2,354,1.61,0.670799097026396,-0.0800000000000001,1.385
"441",0.97,1974,1,13,2,13,1.3975,1.14882237841315,-0.4275,1.0375
"442",2.12,1974,1,14,2,14,1.14,0.419099563880046,0.98,2.445
"443",4.74,1974,1,15,2,15,1.35,1.29610956327002,3.39,4.855
"444",1.27,1974,1,16,2,16,1.004,0.284612797401038,0.266,1.731
"445",1.01,1974,1,18,2,18,1.41666666666667,0.525268185469734,-0.406666666666667,1.05833333333333
"446",1.2,1974,1,31,2,31,1.134,0.253473645353691,0.0660000000000001,1.531
"447",0.82,1974,2,15,2,46,1.23833333333333,0.739362337874108,-0.418333333333333,1.04666666666667
"448",1.11,1974,2,16,2,47,1.09777777777778,0.32213265038559,0.0122222222222224,1.47722222222222
"449",2.1,1974,2,18,2,49,1.20714285714286,0.471971548779312,0.892857142857143,2.35785714285714
"450",1.3,1974,2,26,2,57,0.943333333333333,0.31374086972107,0.356666666666667,1.82166666666667
"451",0.92,1974,3,1,2,60,1.02,0.241578144706842,-0.1,1.365
"452",1.16,1974,3,5,2,64,1.00444444444444,0.362426237706071,0.155555555555555,1.62055555555556
"453",1.02,1974,3,12,2,71,1.02666666666667,0.366696968444882,-0.0066666666666666,1.45833333333333
"454",0.73,1974,3,13,2,72,1.002,0.358008379790194,-0.272,1.193
"455",1.69,1974,3,14,2,73,1.288,0.416076915966267,0.402,1.867
"456",1.1,1974,3,27,2,86,0.84,0.180369990112916,0.26,1.725
"457",1.32,1974,3,28,2,87,1.0475,0.206135068987949,0.2725,1.7375
"458",1.01,1974,3,29,2,88,1.324,0.623401957006874,-0.314,1.151
"459",1.41,1974,3,30,2,89,1.205,0.366374125723965,0.205,1.67
"460",0.93,1974,10,28,2,301,1.19,0.650230728280354,-0.26,1.205
"461",1.17,1974,11,6,2,310,0.938,0.207533129885327,0.232,1.697
"462",1.37,1974,11,7,2,311,1.476,0.804568207176993,-0.106,1.359
"463",0.7,1974,11,17,2,321,1.13,0.367117147515613,-0.43,1.035
"464",0.85,1974,11,18,2,322,1.08375,0.369050422416388,-0.23375,1.23125
"465",0.82,1974,11,21,2,325,1.14272727272727,0.346297297393177,-0.322727272727273,1.14227272727273
"466",0.97,1974,12,13,2,347,1.30888888888889,0.770331818835955,-0.338888888888889,1.12611111111111
"467",0.92,1974,12,14,2,348,1.17333333333333,0.475972688292091,-0.253333333333333,1.21166666666667
"468",0.78,1974,12,21,2,355,1.328,0.69572983262183,-0.548,0.917
"469",0.82,1974,12,26,2,360,1.15666666666667,0.272396769437525,-0.336666666666667,1.12833333333333
"470",1.63,1974,12,27,2,361,1.3175,0.476767388625882,0.3125,1.7775
"471",1.15,1975,1,3,2,3,1.6,1.10866285828169,-0.45,1.015
"472",1.22,1975,1,5,2,5,1.53333333333333,0.904359810399968,-0.313333333333333,1.15166666666667
"473",0.75,1975,1,7,2,7,1.30125,0.953316579106857,-0.55125,0.91375
"474",1.56,1975,1,25,2,25,1.33714285714286,0.287675412326363,0.222857142857143,1.68785714285714
"475",0.78,1975,2,12,2,43,1.54166666666667,0.98002891113817,-0.761666666666667,0.703333333333333
"476",1.34,1975,2,19,2,50,1.2475,0.417881562168038,0.0925,1.5575
"477",1.2,1975,2,27,2,58,1.086,0.248052413816113,0.114,1.579
"478",0.77,1975,3,17,2,76,1.04333333333333,0.246846781087648,-0.273333333333333,1.19166666666667
"479",1.2,1975,3,18,2,77,0.923333333333333,0.240901086202062,0.276666666666667,1.74166666666667
"480",0.98,1975,3,21,2,80,0.95,0.201494416796099,0.03,1.495
"481",0.76,1975,3,23,2,82,0.987142857142857,0.28877409196546,-0.227142857142857,1.23785714285714
"482",1.01,1975,3,24,2,83,0.946666666666667,0.173877351409933,0.0633333333333334,1.52833333333333
"483",0.74,1975,5,2,2,122,0.755,0.0212132034355964,-0.015,1.45
"484",0.83,1975,5,3,2,123,0.796666666666667,0.0850490054811538,0.0333333333333333,1.49833333333333
"485",0.73,1975,8,27,2,239,0.73,NA,0,1.465
"486",0.98,1975,10,5,2,278,0.85,0.141067359796659,0.13,1.595
"487",0.7,1975,10,25,2,298,0.876666666666667,0.172123986319939,-0.176666666666667,1.28833333333333
"488",0.77,1975,10,27,2,300,1.17,0.495147885556859,-0.4,1.065
"489",0.9,1975,10,29,2,302,1.11,0.543016267405192,-0.21,1.255
"490",0.84,1975,11,10,2,314,1.11166666666667,0.500736124786965,-0.271666666666667,1.19333333333333
"491",2.85,1975,11,30,2,334,1.18083333333333,0.5802265753892,1.66916666666667,3.13416666666667
"492",2.69,1975,12,4,2,338,1.40545454545455,0.824455743340583,1.28454545454545,2.74954545454545
"493",2.04,1976,1,4,2,4,1.29857142857143,0.416070049047376,0.741428571428572,2.20642857142857
"494",0.84,1976,1,5,2,5,1.53333333333333,0.904359810399968,-0.693333333333333,0.771666666666667
"495",3.28,1976,1,7,2,7,1.30125,0.953316579106857,1.97875,3.44375
"496",0.88,1976,1,14,2,14,1.14,0.419099563880046,-0.26,1.205
"497",0.79,1976,2,17,2,48,1.31666666666667,0.60741254514539,-0.526666666666667,0.938333333333333
"498",1.16,1976,2,24,2,55,1.34142857142857,0.345032779671177,-0.181428571428571,1.28357142857143
"499",0.91,1976,2,25,2,56,0.9175,0.100457287772798,-0.00749999999999995,1.4575
"500",0.82,1976,2,26,2,57,0.943333333333333,0.31374086972107,-0.123333333333333,1.34166666666667
"501",0.7,1976,2,27,2,58,1.086,0.248052413816113,-0.386,1.079
"502",1,1976,3,18,2,78,0.936666666666667,0.101159939369957,0.0633333333333334,1.52833333333333
"503",1.1,1976,3,22,2,82,0.987142857142857,0.28877409196546,0.112857142857143,1.57785714285714
"504",1.99,1976,3,24,2,84,1.3775,0.517840065399862,0.6125,2.0775
"505",0.88,1976,3,31,2,91,0.88,NA,0,1.465
"506",0.7,1976,8,14,2,227,0.7,NA,0,1.465
"507",0.73,1976,9,14,2,258,0.9875,0.27232027712481,-0.2575,1.2075
"508",0.98,1976,10,24,2,298,0.876666666666667,0.172123986319939,0.103333333333333,1.56833333333333
"509",0.89,1977,2,21,2,52,1.0475,0.21285474591172,-0.1575,1.3075
"510",0.93,1977,2,23,2,54,1.02,0.509165984724039,-0.09,1.375
"511",1.13,1977,2,28,2,59,1.44,0.43840620433566,-0.31,1.155
"512",0.7,1977,3,7,2,66,0.944,0.243577503066273,-0.244,1.221
"513",0.79,1977,3,8,2,67,0.75,0.0565685424949239,0.04,1.505
"514",0.71,1977,8,24,2,236,0.785,0.106066017177982,-0.075,1.39
"515",0.72,1977,9,19,2,262,0.765,0.0636396103067893,-0.045,1.42
"516",1.18,1977,11,22,2,326,1.516,0.642827089244586,-0.336,1.129
"517",1.95,1977,11,24,2,328,1.187,0.551826260903033,0.763,2.228
"518",2.25,1977,11,25,2,329,1.647,1.03562165978808,0.603,2.068
"519",1.7,1977,12,2,2,336,1.21333333333333,0.586608492786734,0.486666666666667,1.95166666666667
"520",0.78,1977,12,6,2,340,1.23666666666667,0.46473110504893,-0.456666666666667,1.00833333333333
"521",1.4,1977,12,11,2,345,1.211,0.570739286656643,0.189,1.654
"522",2.61,1977,12,13,2,347,1.30888888888889,0.770331818835955,1.30111111111111,2.76611111111111
"523",1.56,1977,12,14,2,348,1.17333333333333,0.475972688292091,0.386666666666667,1.85166666666667
"524",1.29,1977,12,15,2,349,1.635,0.704123568700835,-0.345,1.12
"525",1.58,1977,12,16,2,350,1.11285714285714,0.25753409390566,0.467142857142857,1.93214285714286
"526",0.81,1977,12,23,2,357,1.1975,0.836057926906298,-0.3875,1.0775
"527",3.08,1978,1,5,2,5,1.53333333333333,0.904359810399968,1.54666666666667,3.01166666666667
"528",0.78,1978,1,16,2,16,1.004,0.284612797401038,-0.224,1.241
"529",0.95,1978,2,1,2,32,0.9825,0.30560244950402,-0.0325,1.4325
"530",0.72,1978,2,2,2,33,0.783333333333333,0.055075705472861,-0.0633333333333334,1.40166666666667
"531",1.02,1978,4,2,2,92,0.96,0.177388462608668,0.0600000000000001,1.525
"532",0.88,1978,4,14,2,104,0.87,0.165227116418583,0.01,1.475
"533",0.84,1978,4,22,2,112,0.84,NA,0,1.465
"534",0.85,1978,9,9,2,252,0.85,NA,0,1.465
"535",0.92,1978,11,18,2,322,1.08375,0.369050422416388,-0.16375,1.30125
"536",2.19,1978,11,19,2,323,1.7,1.13663245305302,0.49,1.955
"537",1.22,1978,11,30,2,334,1.18083333333333,0.5802265753892,0.0391666666666666,1.50416666666667
"538",1.07,1978,12,4,2,338,1.40545454545455,0.824455743340583,-0.335454545454545,1.12954545454545
"539",0.7,1978,12,10,2,344,1.23555555555556,0.747380611052881,-0.535555555555556,0.929444444444445
"540",1.14,1979,1,10,2,10,1.20571428571429,0.522224742154832,-0.0657142857142858,1.39928571428571
"541",0.78,1979,2,5,2,36,0.9675,0.199227675453654,-0.1875,1.2775
"542",0.9,1979,2,6,2,37,1.25666666666667,0.811582815655104,-0.356666666666667,1.10833333333333
"543",1.72,1979,2,7,2,38,1.73333333333333,1.09919364384383,-0.0133333333333334,1.45166666666667
"544",0.96,1979,2,10,2,41,2.415,2.05768073325285,-1.455,0.01
"545",0.89,1979,2,16,2,47,1.09777777777778,0.32213265038559,-0.207777777777778,1.25722222222222
"546",1.03,1979,4,16,2,106,1.03,NA,0,1.465
"547",0.74,1979,5,4,2,124,0.77,0.0424264068711929,-0.03,1.435
"548",0.74,1979,5,5,2,125,1.155,0.586898628384834,-0.415,1.05
"549",0.91,1979,5,6,2,126,1.145,0.332340187157677,-0.235,1.23
"550",1.88,1979,8,21,2,233,1.88,NA,0,1.465
"551",1.32,1979,9,1,2,244,1.15,0.240416305603426,0.17,1.635
"552",0.72,1979,9,2,2,245,0.72,NA,0,1.465
"553",2.91,1979,10,18,2,291,1.71,0.710809397799438,1.2,2.665
"554",1.59,1979,10,20,2,293,1.375,0.304055915910216,0.215,1.68
"555",0.74,1979,11,4,2,308,1.14363636363636,0.389955708440657,-0.403636363636364,1.06136363636364
"556",1.29,1979,11,22,2,326,1.516,0.642827089244586,-0.226,1.239
"557",0.71,1979,11,23,2,327,1.07181818181818,0.409727181959366,-0.361818181818182,1.10318181818182
"558",2.9,1979,12,2,2,336,1.21333333333333,0.586608492786734,1.68666666666667,3.15166666666667
"559",0.87,1979,12,4,2,338,1.40545454545455,0.824455743340583,-0.535454545454546,0.929545454545455
"560",0.7,1979,12,20,2,354,1.61,0.670799097026396,-0.91,0.555
"561",1.26,1980,1,4,2,4,1.29857142857143,0.416070049047376,-0.0385714285714285,1.42642857142857
"562",0.79,1980,1,9,2,9,1.26363636363636,0.367376448000487,-0.473636363636364,0.991363636363636
"563",1.98,1980,1,12,2,12,1.17625,0.385187802061725,0.80375,2.26875
"564",0.97,1980,1,14,2,14,1.14,0.419099563880046,-0.17,1.295
"565",0.79,1980,2,1,2,32,0.9825,0.30560244950402,-0.1925,1.2725
"566",0.71,1980,2,22,2,53,1.112,0.609155152649963,-0.402,1.063
"567",1.67,1980,3,13,2,73,1.288,0.416076915966267,0.382,1.847
"568",1.12,1980,4,6,2,97,1.21333333333333,0.086216781042517,-0.0933333333333333,1.37166666666667
"569",0.96,1980,4,20,2,111,0.94,0.0282842712474618,0.02,1.485
"570",0.78,1980,6,13,2,165,0.825,0.0636396103067893,-0.0449999999999999,1.42
"571",0.74,1980,11,1,2,306,0.944,0.339308119560968,-0.204,1.261
"572",0.72,1980,11,5,2,310,0.938,0.207533129885327,-0.218,1.247
"573",0.71,1980,11,6,2,311,1.476,0.804568207176993,-0.766,0.699
"574",1.56,1980,11,7,2,312,1.26285714285714,0.415199321038072,0.297142857142857,1.76214285714286
"575",2,1980,11,21,2,326,1.516,0.642827089244586,0.484,1.949
"576",0.91,1980,11,29,2,334,1.18083333333333,0.5802265753892,-0.270833333333333,1.19416666666667
"577",0.84,1980,12,1,2,336,1.21333333333333,0.586608492786734,-0.373333333333333,1.09166666666667
"578",4.48,1980,12,2,2,337,1.75375,1.34503252748772,2.72625,4.19125
"579",2.81,1980,12,3,2,338,1.40545454545455,0.824455743340583,1.40454545454545,2.86954545454545
"580",0.87,1980,12,21,2,356,1.31166666666667,0.957902221871662,-0.441666666666667,1.02333333333333
"581",2.42,1980,12,24,2,359,1.736,0.735683355799219,0.684,2.149
"582",1.52,1980,12,25,2,360,1.15666666666667,0.272396769437525,0.363333333333333,1.82833333333333
"583",0.9,1981,2,13,2,44,1.36428571428571,0.531189142172451,-0.464285714285714,1.00071428571429
"584",0.72,1981,2,16,2,47,1.09777777777778,0.32213265038559,-0.377777777777778,1.08722222222222
"585",0.76,1981,2,18,2,49,1.20714285714286,0.471971548779312,-0.447142857142857,1.01785714285714
"586",0.8,1981,3,3,2,62,1.32,0.710844568101916,-0.52,0.945
"587",1.43,1981,4,11,2,101,1.09,0.310966236109324,0.34,1.805
"588",0.85,1981,6,7,2,158,1.05,0.216564078277077,-0.2,1.265
"589",1.34,1981,6,8,2,159,1.34,NA,0,1.465
"590",1.34,1981,9,26,2,269,1.045,0.218708329364323,0.295,1.76
"591",0.76,1981,10,6,2,279,0.76,NA,0,1.465
"592",1.02,1981,10,9,2,282,1.555,1.38179834515267,-0.535,0.93
"593",0.92,1981,10,27,2,300,1.17,0.495147885556859,-0.25,1.215
"594",0.93,1981,10,29,2,302,1.11,0.543016267405192,-0.18,1.285
"595",1.7,1981,11,11,2,315,1.08444444444444,0.284214316630563,0.615555555555555,2.08055555555556
"596",1.02,1981,11,14,2,318,1.114,0.221201265819163,-0.0940000000000001,1.371
"597",0.99,1981,11,16,2,320,0.884,0.104546640309481,0.106,1.571
"598",1.24,1981,11,21,2,325,1.14272727272727,0.346297297393177,0.0972727272727272,1.56227272727273
"599",0.98,1981,11,22,2,326,1.516,0.642827089244586,-0.536,0.929
"600",4.89,1981,12,5,2,339,1.67888888888889,1.38599643257517,3.21111111111111,4.67611111111111
"601",1.45,1981,12,6,2,340,1.23666666666667,0.46473110504893,0.213333333333333,1.67833333333333
"602",0.96,1981,12,10,2,344,1.23555555555556,0.747380611052881,-0.275555555555556,1.18944444444444
"603",2.22,1981,12,14,2,348,1.17333333333333,0.475972688292091,1.04666666666667,2.51166666666667
"604",0.99,1981,12,18,2,352,0.99875,0.2685111064476,-0.00875000000000004,1.45625
"605",0.96,1981,12,19,2,353,1.41,0.866117774901312,-0.45,1.015
"606",0.87,1981,12,26,2,360,1.15666666666667,0.272396769437525,-0.286666666666667,1.17833333333333
"607",2.23,1982,1,3,2,3,1.6,1.10866285828169,0.63,2.095
"608",0.76,1982,1,16,2,16,1.004,0.284612797401038,-0.244,1.221
"609",1.33,1982,1,22,2,22,1.02666666666667,0.303490801617885,0.303333333333333,1.76833333333333
"610",1.63,1982,1,23,2,23,1.356,0.398911017646793,0.274,1.739
"611",0.78,1982,1,24,2,24,1.11142857142857,0.29717719581806,-0.331428571428571,1.13357142857143
"612",2.08,1982,2,13,2,44,1.36428571428571,0.531189142172451,0.715714285714286,2.18071428571429
"613",1.55,1982,2,14,2,45,1.08714285714286,0.303024437172664,0.462857142857143,1.92785714285714
"614",0.81,1982,2,18,2,49,1.20714285714286,0.471971548779312,-0.397142857142857,1.06785714285714
"615",1.12,1982,2,20,2,51,1.146,0.544316084642003,-0.026,1.439
"616",1.23,1982,3,1,2,60,1.02,0.241578144706842,0.21,1.675
"617",1.18,1982,4,2,2,92,0.96,0.177388462608668,0.22,1.685
"618",1.19,1982,4,10,2,100,1.27333333333333,0.480451176846653,-0.0833333333333335,1.38166666666667
"619",2.05,1982,4,13,2,103,1.0725,0.652705906208914,0.9775,2.4425
"620",1.04,1982,6,26,2,177,1.04,NA,0,1.465
"621",1.08,1982,9,26,2,269,1.045,0.218708329364323,0.0350000000000001,1.5
"622",0.75,1982,10,26,2,299,1.094,0.377266484066634,-0.344,1.121
"623",1.04,1982,11,17,2,321,1.13,0.367117147515613,-0.0899999999999999,1.375
"624",1.14,1982,11,18,2,322,1.08375,0.369050422416388,0.0562499999999999,1.52125
"625",0.8,1982,11,28,2,332,1.2225,0.345408660657406,-0.4225,1.0425
"626",1.67,1982,11,29,2,333,0.99,0.332114438108312,0.68,2.145
"627",1.06,1982,12,2,2,336,1.21333333333333,0.586608492786734,-0.153333333333333,1.31166666666667
"628",1.46,1982,12,3,2,337,1.75375,1.34503252748772,-0.29375,1.17125
"629",0.88,1982,12,5,2,339,1.67888888888889,1.38599643257517,-0.798888888888889,0.666111111111111
"630",1.11,1982,12,12,2,346,1.15571428571429,0.459886114266606,-0.0457142857142856,1.41928571428571
"631",3.02,1982,12,15,2,349,1.635,0.704123568700835,1.385,2.85
"632",1.02,1982,12,16,2,350,1.11285714285714,0.25753409390566,-0.092857142857143,1.37214285714286
"633",0.88,1982,12,17,2,351,1.055,0.322711724520286,-0.175,1.29
"634",1,1982,12,21,2,355,1.328,0.69572983262183,-0.328,1.137
"635",0.84,1983,1,3,2,3,1.6,1.10866285828169,-0.76,0.705
"636",1.25,1983,1,4,2,4,1.29857142857143,0.416070049047376,-0.0485714285714285,1.41642857142857
"637",0.98,1983,2,6,2,37,1.25666666666667,0.811582815655104,-0.276666666666667,1.18833333333333
"638",0.81,1983,2,8,2,39,1.192,0.398082905937947,-0.382,1.083
"639",1.42,1983,2,9,2,40,1.33,0.773175271203108,0.0899999999999999,1.555
"640",1.22,1983,2,12,2,43,1.54166666666667,0.98002891113817,-0.321666666666667,1.14333333333333
"641",2.3,1983,2,17,2,48,1.31666666666667,0.60741254514539,0.983333333333333,2.44833333333333
"642",1.36,1983,2,18,2,49,1.20714285714286,0.471971548779312,0.152857142857143,1.61785714285714
"643",0.73,1983,2,21,2,52,1.0475,0.21285474591172,-0.3175,1.1475
"644",1.3,1983,3,9,2,68,1.036,0.267357438647216,0.264,1.729
"645",1.61,1983,3,13,2,72,1.002,0.358008379790194,0.608,2.073
"646",1.74,1983,3,29,2,88,1.324,0.623401957006874,0.416,1.881
"647",0.86,1983,4,2,2,92,0.96,0.177388462608668,-0.1,1.365
"648",0.96,1983,7,1,2,182,0.96,NA,0,1.465
"649",1.21,1983,8,28,2,240,1.21,NA,0,1.465
"650",1.17,1983,8,29,2,241,1.005,0.233345237791561,0.165,1.63
"651",0.7,1983,10,30,2,303,1.1725,0.675272431795388,-0.4725,0.9925
"652",1,1983,11,3,2,307,1.444,0.985332431212938,-0.444,1.021
"653",1.1,1983,11,13,2,317,1.26,0.468792775826022,-0.16,1.305
"654",1.65,1983,11,17,2,321,1.13,0.367117147515613,0.52,1.985
"655",1.18,1983,11,20,2,324,1.44777777777778,0.601659741419055,-0.267777777777778,1.19722222222222
"656",0.8,1983,11,23,2,327,1.07181818181818,0.409727181959366,-0.271818181818182,1.19318181818182
"657",0.87,1983,11,24,2,328,1.187,0.551826260903033,-0.317,1.148
"658",1.09,1983,11,30,2,334,1.18083333333333,0.5802265753892,-0.0908333333333333,1.37416666666667
"659",1.96,1983,12,6,2,340,1.23666666666667,0.46473110504893,0.723333333333333,2.18833333333333
"660",0.95,1983,12,7,2,341,1.11555555555556,0.322688360152296,-0.165555555555556,1.29944444444444
"661",0.96,1983,12,14,2,348,1.17333333333333,0.475972688292091,-0.213333333333333,1.25166666666667
"662",0.77,1983,12,29,2,363,0.898571428571429,0.12876704695283,-0.128571428571429,1.33642857142857
"663",0.86,1984,1,10,2,10,1.20571428571429,0.522224742154832,-0.345714285714286,1.11928571428571
"664",3.43,1984,2,12,2,43,1.54166666666667,0.98002891113817,1.88833333333333,3.35333333333333
"665",1.75,1984,2,13,2,44,1.36428571428571,0.531189142172451,0.385714285714286,1.85071428571429
"666",1.4,1984,2,24,2,55,1.34142857142857,0.345032779671177,0.0585714285714285,1.52357142857143
"667",0.73,1984,3,13,2,73,1.288,0.416076915966267,-0.558,0.907
"668",0.81,1984,3,17,2,77,0.923333333333333,0.240901086202062,-0.113333333333333,1.35166666666667
"669",0.7,1984,3,26,2,86,0.84,0.180369990112916,-0.14,1.325
"670",0.74,1984,4,7,2,98,0.983333333333333,0.404268887416944,-0.243333333333333,1.22166666666667
"671",0.74,1984,4,8,2,99,0.86,0.187082869338697,-0.12,1.345
"672",1.02,1984,4,10,2,101,1.09,0.310966236109324,-0.0699999999999998,1.395
"673",0.77,1984,5,1,2,122,0.755,0.0212132034355964,0.015,1.48
"674",0.73,1984,5,22,2,143,0.95,0.311126983722081,-0.22,1.245
"675",1.28,1984,6,6,2,158,1.05,0.216564078277077,0.23,1.695
"676",0.72,1984,10,10,2,284,0.995,0.382055842340706,-0.275,1.19
"677",1.5,1984,11,1,2,306,0.944,0.339308119560968,0.556,2.021
"678",3.2,1984,11,2,2,307,1.444,0.985332431212938,1.756,3.221
"679",0.72,1984,11,3,2,308,1.14363636363636,0.389955708440657,-0.423636363636364,1.04136363636364
"680",0.74,1984,11,6,2,311,1.476,0.804568207176993,-0.736,0.729
"681",0.77,1984,11,8,2,313,1.08833333333333,0.225248011459961,-0.318333333333333,1.14666666666667
"682",2.09,1984,11,9,2,314,1.11166666666667,0.500736124786965,0.978333333333333,2.44333333333333
"683",1.45,1984,11,11,2,316,1.095,0.272658865879797,0.355,1.82
"684",0.76,1984,11,20,2,325,1.14272727272727,0.346297297393177,-0.382727272727273,1.08227272727273
"685",0.8,1984,11,23,2,328,1.187,0.551826260903033,-0.387,1.078
"686",1.61,1984,11,27,2,332,1.2225,0.345408660657406,0.3875,1.8525
"687",0.72,1984,11,29,2,334,1.18083333333333,0.5802265753892,-0.460833333333333,1.00416666666667
"688",0.72,1984,12,10,2,345,1.211,0.570739286656643,-0.491,0.974
"689",0.89,1984,12,27,2,362,1.14166666666667,0.481131872554582,-0.251666666666667,1.21333333333333
"690",0.85,1984,12,29,2,364,1.50777777777778,0.630273309322586,-0.657777777777778,0.807222222222222
"691",2.21,1985,2,7,2,38,1.73333333333333,1.09919364384383,0.476666666666667,1.94166666666667
"692",0.73,1985,2,8,2,39,1.192,0.398082905937947,-0.462,1.003
"693",0.7,1985,2,11,2,42,1.025,0.558181571414416,-0.325,1.14
"694",1.39,1985,3,23,2,82,0.987142857142857,0.28877409196546,0.402857142857143,1.86785714285714
"695",0.96,1985,3,26,2,85,1.0425,0.253820802929941,-0.0825,1.3825
"696",0.96,1985,6,6,2,157,0.88,0.113137084989848,0.08,1.545
"697",1.02,1985,6,7,2,158,1.05,0.216564078277077,-0.03,1.435
"698",0.79,1985,7,31,2,212,0.79,NA,0,1.465
"699",1.17,1985,9,12,2,255,0.985,0.261629509039022,0.185,1.65
"700",1.16,1985,10,20,2,293,1.375,0.304055915910216,-0.215,1.25
"701",1.13,1985,10,22,2,295,1.01285714285714,0.199559037690127,0.117142857142857,1.58214285714286
"702",0.82,1985,11,4,2,308,1.14363636363636,0.389955708440657,-0.323636363636364,1.14136363636364
"703",0.93,1985,11,8,2,312,1.26285714285714,0.415199321038072,-0.332857142857143,1.13214285714286
"704",1.27,1985,11,9,2,313,1.08833333333333,0.225248011459961,0.181666666666667,1.64666666666667
"705",0.72,1985,12,2,2,336,1.21333333333333,0.586608492786734,-0.493333333333333,0.971666666666667
"706",0.79,1985,12,7,2,341,1.11555555555556,0.322688360152296,-0.325555555555556,1.13944444444444
"707",0.77,1986,1,15,2,15,1.35,1.29610956327002,-0.58,0.885
"708",0.79,1986,1,16,2,16,1.004,0.284612797401038,-0.214,1.251
"709",0.93,1986,1,19,2,19,1.52125,1.00387018938848,-0.59125,0.87375
"710",1.86,1986,2,11,2,42,1.025,0.558181571414416,0.835,2.3
"711",1.64,1986,2,12,2,43,1.54166666666667,0.98002891113817,0.0983333333333332,1.56333333333333
"712",1.11,1986,2,14,2,45,1.08714285714286,0.303024437172664,0.0228571428571429,1.48785714285714
"713",1.21,1986,2,16,2,47,1.09777777777778,0.32213265038559,0.112222222222222,1.57722222222222
"714",1.21,1986,2,17,2,48,1.31666666666667,0.60741254514539,-0.106666666666667,1.35833333333333
"715",0.84,1986,2,18,2,49,1.20714285714286,0.471971548779312,-0.367142857142857,1.09785714285714
"716",1.16,1986,2,21,2,52,1.0475,0.21285474591172,0.1125,1.5775
"717",2.18,1986,2,22,2,53,1.112,0.609155152649963,1.068,2.533
"718",0.76,1986,2,23,2,54,1.02,0.509165984724039,-0.26,1.205
"719",1.19,1986,3,7,2,66,0.944,0.243577503066273,0.246,1.711
"720",0.71,1986,3,8,2,67,0.75,0.0565685424949239,-0.04,1.425
"721",1.3,1986,5,1,2,121,0.97,0.304466746952767,0.33,1.795
"722",0.87,1986,9,23,2,266,0.87,NA,0,1.465
"723",0.85,1986,9,25,2,268,0.85,NA,0,1.465
"724",0.86,1986,9,26,2,269,1.045,0.218708329364323,-0.185,1.28
"725",0.7,1986,10,29,2,302,1.11,0.543016267405192,-0.41,1.055
"726",1.08,1986,10,30,2,303,1.1725,0.675272431795388,-0.0925,1.3725
"727",0.7,1986,11,18,2,322,1.08375,0.369050422416388,-0.38375,1.08125
"728",1.76,1986,11,20,2,324,1.44777777777778,0.601659741419055,0.312222222222222,1.77722222222222
"729",1.86,1986,11,21,2,325,1.14272727272727,0.346297297393177,0.717272727272727,2.18227272727273
"730",0.92,1986,11,24,2,328,1.187,0.551826260903033,-0.267,1.198
"731",0.98,1986,11,26,2,330,1.23833333333333,0.665715154301498,-0.258333333333333,1.20666666666667
"732",2.42,1986,11,27,2,331,1.485,0.774532116829251,0.935,2.4
"733",1.03,1986,12,22,2,356,1.31166666666667,0.957902221871662,-0.281666666666667,1.18333333333333
"734",1.43,1987,1,1,2,1,1.08,0.360924738230378,0.35,1.815
"735",0.96,1987,1,3,2,3,1.6,1.10866285828169,-0.64,0.825
"736",0.8,1987,1,5,2,5,1.53333333333333,0.904359810399968,-0.733333333333333,0.731666666666667
"737",0.96,1987,1,24,2,24,1.11142857142857,0.29717719581806,-0.151428571428571,1.31357142857143
"738",1.62,1987,1,25,2,25,1.33714285714286,0.287675412326363,0.282857142857143,1.74785714285714
"739",1.53,1987,1,31,2,31,1.134,0.253473645353691,0.396,1.861
"740",1.66,1987,2,1,2,32,0.9825,0.30560244950402,0.6775,2.1425
"741",0.91,1987,2,13,2,44,1.36428571428571,0.531189142172451,-0.454285714285714,1.01071428571429
"742",0.8,1987,3,12,2,71,1.02666666666667,0.366696968444882,-0.226666666666667,1.23833333333333
"743",0.7,1987,5,30,2,150,0.72,0.0282842712474619,-0.02,1.445
"744",2.41,1987,7,18,2,199,2.41,NA,0,1.465
"745",0.88,1987,11,11,2,315,1.08444444444444,0.284214316630563,-0.204444444444445,1.26055555555556
"746",0.78,1987,11,12,2,316,1.095,0.272658865879797,-0.315,1.15
"747",0.81,1987,11,15,2,319,1.715,1.04916633571612,-0.905,0.56
"748",2.09,1987,12,1,2,335,1.315,0.486980492422438,0.775,2.24
"749",0.97,1987,12,2,2,336,1.21333333333333,0.586608492786734,-0.243333333333333,1.22166666666667
"750",3.14,1987,12,3,2,337,1.75375,1.34503252748772,1.38625,2.85125
"751",1.4,1987,12,6,2,340,1.23666666666667,0.46473110504893,0.163333333333333,1.62833333333333
"752",2.71,1987,12,9,2,343,1.39857142857143,0.683335656209757,1.31142857142857,2.77642857142857
"753",0.72,1987,12,10,2,344,1.23555555555556,0.747380611052881,-0.515555555555556,0.949444444444445
"754",1.52,1987,12,30,2,364,1.50777777777778,0.630273309322586,0.0122222222222221,1.47722222222222
"755",1.56,1988,1,9,2,9,1.26363636363636,0.367376448000487,0.296363636363636,1.76136363636364
"756",2.05,1988,1,10,2,10,1.20571428571429,0.522224742154832,0.844285714285714,2.30928571428571
"757",0.75,1988,1,11,2,11,1.44833333333333,1.00559269421902,-0.698333333333333,0.766666666666667
"758",1.44,1988,1,14,2,14,1.14,0.419099563880046,0.3,1.765
"759",0.72,1988,3,1,2,61,1.1,0.495630911061851,-0.38,1.085
"760",1.18,1988,3,24,2,84,1.3775,0.517840065399862,-0.1975,1.2675
"761",0.97,1988,4,2,2,93,0.893333333333333,0.115902257671425,0.0766666666666667,1.54166666666667
"762",0.71,1988,4,19,2,110,0.71,0,0,1.465
"763",0.85,1988,5,6,2,127,0.95,0.274043792120894,-0.1,1.365
"764",0.72,1988,9,19,2,263,0.72,NA,0,1.465
"765",0.71,1988,11,1,2,306,0.944,0.339308119560968,-0.234,1.231
"766",1.12,1988,11,2,2,307,1.444,0.985332431212938,-0.324,1.141
"767",0.87,1988,11,3,2,308,1.14363636363636,0.389955708440657,-0.273636363636364,1.19136363636364
"768",0.81,1988,11,4,2,309,1.14,0.21142374511866,-0.33,1.135
"769",1.15,1988,11,5,2,310,0.938,0.207533129885327,0.212,1.677
"770",1.16,1988,11,16,2,321,1.13,0.367117147515613,0.03,1.495
"771",1.59,1988,11,21,2,326,1.516,0.642827089244586,0.0740000000000001,1.539
"772",1.19,1988,11,22,2,327,1.07181818181818,0.409727181959366,0.118181818181818,1.58318181818182
"773",0.9,1988,11,23,2,328,1.187,0.551826260903033,-0.287,1.178
"774",1.17,1988,11,27,2,332,1.2225,0.345408660657406,-0.0525000000000002,1.4125
"775",1.02,1988,12,21,2,356,1.31166666666667,0.957902221871662,-0.291666666666667,1.17333333333333
"776",1.1,1988,12,22,2,357,1.1975,0.836057926906298,-0.0974999999999999,1.3675
"777",1.05,1988,12,30,2,365,1.0725,0.145229703114296,-0.0225,1.4425
"778",0.84,1989,1,4,2,4,1.29857142857143,0.416070049047376,-0.458571428571429,1.00642857142857
"779",0.71,1989,1,8,2,8,1.28,0.585889636934011,-0.57,0.895
"780",1.86,1989,1,9,2,9,1.26363636363636,0.367376448000487,0.596363636363636,2.06136363636364
"781",1.17,1989,1,13,2,13,1.3975,1.14882237841315,-0.2275,1.2375
"782",1.05,1989,1,21,2,21,0.945555555555556,0.31635071957841,0.104444444444444,1.56944444444444
"783",1.08,1989,2,16,2,47,1.09777777777778,0.32213265038559,-0.0177777777777777,1.44722222222222
"784",1.81,1989,3,5,2,64,1.00444444444444,0.362426237706071,0.805555555555556,2.27055555555556
"785",1.74,1989,3,12,2,71,1.02666666666667,0.366696968444882,0.713333333333333,2.17833333333333
"786",1.17,1989,5,23,2,143,0.95,0.311126983722081,0.22,1.685
"787",0.8,1989,10,23,2,296,0.923333333333333,0.267270150472015,-0.123333333333333,1.34166666666667
"788",1.18,1989,10,26,2,299,1.094,0.377266484066634,0.0859999999999999,1.551
"789",1.22,1989,11,12,2,316,1.095,0.272658865879797,0.125,1.59
"790",1.31,1989,11,24,2,328,1.187,0.551826260903033,0.123,1.588
"791",0.78,1989,11,25,2,329,1.647,1.03562165978808,-0.867,0.598
"792",0.99,1989,12,4,2,338,1.40545454545455,0.824455743340583,-0.415454545454546,1.04954545454545
"793",2.34,1990,1,6,2,6,1.37833333333333,0.595060221042095,0.961666666666666,2.42666666666667
"794",2.27,1990,1,7,2,7,1.30125,0.953316579106857,0.96875,2.43375
"795",0.96,1990,1,9,2,9,1.26363636363636,0.367376448000487,-0.303636363636364,1.16136363636364
"796",1.04,1990,1,10,2,10,1.20571428571429,0.522224742154832,-0.165714285714286,1.29928571428571
"797",1.57,1990,1,28,2,28,1.06,0.30878795313289,0.51,1.975
"798",0.85,1990,1,29,2,29,1.25,0.701498396291823,-0.4,1.065
"799",1.16,1990,2,1,2,32,0.9825,0.30560244950402,0.1775,1.6425
"800",0.77,1990,2,3,2,34,0.898,0.166343019090072,-0.128,1.337
"801",0.87,1990,2,5,2,36,0.9675,0.199227675453654,-0.0975,1.3675
"802",0.78,1990,2,7,2,38,1.73333333333333,1.09919364384383,-0.953333333333333,0.511666666666667
"803",0.89,1990,2,15,2,46,1.23833333333333,0.739362337874108,-0.348333333333333,1.11666666666667
"804",1.15,1990,4,27,2,117,1.235,0.120208152801713,-0.085,1.38
"805",0.72,1990,5,22,2,142,0.72,NA,0,1.465
"806",0.8,1990,6,6,2,157,0.88,0.113137084989848,-0.08,1.385
"807",1.07,1990,8,17,2,229,1.28,0.183575597506858,-0.21,1.255
"808",0.84,1990,8,29,2,241,1.005,0.233345237791561,-0.165,1.3
"809",1.69,1990,10,18,2,291,1.71,0.710809397799438,-0.02,1.445
"810",0.84,1990,10,21,2,294,0.8425,0.118145390656315,-0.00250000000000006,1.4625
"811",2.75,1990,10,30,2,303,1.1725,0.675272431795388,1.5775,3.0425
"812",1.67,1990,11,13,2,317,1.26,0.468792775826022,0.41,1.875
"813",1.14,1990,11,17,2,321,1.13,0.367117147515613,0.01,1.475
"814",0.72,1990,11,24,2,328,1.187,0.551826260903033,-0.467,0.998
"815",1.2,1990,11,25,2,329,1.647,1.03562165978808,-0.447,1.018
"816",0.92,1990,11,29,2,333,0.99,0.332114438108312,-0.07,1.395
"817",1.5,1990,12,9,2,343,1.39857142857143,0.683335656209757,0.101428571428571,1.56642857142857
"818",0.81,1991,1,11,2,11,1.44833333333333,1.00559269421902,-0.638333333333333,0.826666666666667
"819",1.34,1991,1,12,2,12,1.17625,0.385187802061725,0.16375,1.62875
"820",0.81,1991,2,2,2,33,0.783333333333333,0.055075705472861,0.0266666666666667,1.49166666666667
"821",0.84,1991,2,4,2,35,0.99,0.185652004208591,-0.15,1.315
"822",1.24,1991,3,2,2,61,1.1,0.495630911061851,0.14,1.605
"823",2.13,1991,3,3,2,62,1.32,0.710844568101916,0.81,2.275
"824",1.47,1991,3,4,2,63,1.1125,0.311381331061021,0.3575,1.8225
"825",0.79,1991,3,12,2,71,1.02666666666667,0.366696968444882,-0.236666666666667,1.22833333333333
"826",0.86,1991,3,23,2,82,0.987142857142857,0.28877409196546,-0.127142857142857,1.33785714285714
"827",1.12,1991,4,5,2,95,1.12,NA,0,1.465
"828",0.92,1991,4,6,2,96,1.005,0.120208152801713,-0.0850000000000001,1.38
"829",1.26,1991,5,7,2,127,0.95,0.274043792120894,0.31,1.775
"830",1.22,1991,5,16,2,136,1.22,NA,0,1.465
"831",1.16,1991,5,17,2,137,1.55,0.551543289325507,-0.39,1.075
"832",0.75,1991,5,18,2,138,0.75,NA,0,1.465
"833",1.14,1991,10,25,2,298,0.876666666666667,0.172123986319939,0.263333333333333,1.72833333333333
"834",0.95,1991,11,4,2,308,1.14363636363636,0.389955708440657,-0.193636363636364,1.27136363636364
"835",1.38,1991,11,5,2,309,1.14,0.21142374511866,0.24,1.705
"836",0.89,1991,11,13,2,317,1.26,0.468792775826022,-0.37,1.095
"837",0.78,1991,11,16,2,320,0.884,0.104546640309481,-0.104,1.361
"838",0.93,1991,11,17,2,321,1.13,0.367117147515613,-0.2,1.265
"839",0.86,1991,11,19,2,323,1.7,1.13663245305302,-0.84,0.625
"840",0.76,1991,11,20,2,324,1.44777777777778,0.601659741419055,-0.687777777777778,0.777222222222222
"841",1.64,1991,11,26,2,330,1.23833333333333,0.665715154301498,0.401666666666667,1.86666666666667
"842",1.88,1991,12,6,2,340,1.23666666666667,0.46473110504893,0.643333333333333,2.10833333333333
"843",0.72,1991,12,18,2,352,0.99875,0.2685111064476,-0.27875,1.18625
"844",0.76,1991,12,21,2,355,1.328,0.69572983262183,-0.568,0.897
"845",0.8,1992,1,10,2,10,1.20571428571429,0.522224742154832,-0.405714285714286,1.05928571428571
"846",1.78,1992,2,19,2,50,1.2475,0.417881562168038,0.5325,1.9975
"847",0.78,1992,2,20,2,51,1.146,0.544316084642003,-0.366,1.099
"848",0.75,1992,3,4,2,64,1.00444444444444,0.362426237706071,-0.254444444444444,1.21055555555556
"849",0.7,1992,4,8,2,99,0.86,0.187082869338697,-0.16,1.305
"850",1.79,1992,4,9,2,100,1.27333333333333,0.480451176846653,0.516666666666667,1.98166666666667
"851",0.72,1992,4,11,2,102,0.826,0.0931665175908169,-0.106,1.359
"852",0.75,1992,4,12,2,103,1.0725,0.652705906208914,-0.3225,1.1425
"853",0.77,1992,4,16,2,107,0.77,NA,0,1.465
"854",0.94,1992,4,29,2,120,0.94,NA,0,1.465
"855",0.92,1992,7,4,2,186,0.92,NA,0,1.465
"856",1.25,1992,10,29,2,303,1.1725,0.675272431795388,0.0774999999999999,1.5425
"857",1.29,1992,10,30,2,304,1.3425,0.977149644922122,-0.0525,1.4125
"858",0.85,1992,10,31,2,305,0.85,NA,0,1.465
"859",0.74,1992,11,11,2,316,1.095,0.272658865879797,-0.355,1.11
"860",0.7,1992,11,19,2,324,1.44777777777778,0.601659741419055,-0.747777777777778,0.717222222222222
"861",1.48,1992,11,21,2,326,1.516,0.642827089244586,-0.036,1.429
"862",1.2,1992,11,30,2,335,1.315,0.486980492422438,-0.115,1.35
"863",1.97,1992,12,1,2,336,1.21333333333333,0.586608492786734,0.756666666666667,2.22166666666667
"864",1.8,1992,12,8,2,343,1.39857142857143,0.683335656209757,0.401428571428571,1.86642857142857
"865",1.12,1992,12,9,2,344,1.23555555555556,0.747380611052881,-0.115555555555555,1.34944444444444
"866",1.09,1992,12,10,2,345,1.211,0.570739286656643,-0.121,1.344
"867",0.7,1992,12,16,2,351,1.055,0.322711724520286,-0.355,1.11
"868",0.88,1992,12,17,2,352,0.99875,0.2685111064476,-0.11875,1.34625
"869",0.9,1992,12,27,2,362,1.14166666666667,0.481131872554582,-0.241666666666667,1.22333333333333
"870",0.73,1992,12,31,2,366,0.865,0.190918830920368,-0.135,1.33
"871",0.78,1993,1,19,2,19,1.52125,1.00387018938848,-0.74125,0.72375
"872",2.06,1993,1,20,2,20,1.518,1.05808842310608,0.542,2.007
"873",1.74,1993,1,21,2,21,0.945555555555556,0.31635071957841,0.794444444444444,2.25944444444444
"874",0.8,1993,2,19,2,50,1.2475,0.417881562168038,-0.4475,1.0175
"875",0.7,1993,3,1,2,60,1.02,0.241578144706842,-0.32,1.145
"876",1.33,1993,3,14,2,73,1.288,0.416076915966267,0.042,1.507
"877",0.99,1993,3,15,2,74,0.855,0.190918830920368,0.135,1.6
"878",1.38,1993,3,16,2,75,1.024,0.210546906887753,0.356,1.821
"879",1.25,1993,3,17,2,76,1.04333333333333,0.246846781087648,0.206666666666667,1.67166666666667
"880",0.85,1993,3,22,2,81,1.01833333333333,0.449373638152781,-0.168333333333333,1.29666666666667
"881",0.78,1993,4,2,2,92,0.96,0.177388462608668,-0.18,1.285
"882",0.95,1993,4,3,2,93,0.893333333333333,0.115902257671425,0.0566666666666666,1.52166666666667
"883",0.78,1993,4,9,2,99,0.86,0.187082869338697,-0.08,1.385
"884",0.84,1993,4,10,2,100,1.27333333333333,0.480451176846653,-0.433333333333333,1.03166666666667
"885",0.86,1993,5,3,2,123,0.796666666666667,0.0850490054811538,0.0633333333333334,1.52833333333333
"886",0.86,1993,5,24,2,144,0.86,NA,0,1.465
"887",0.8,1993,5,26,2,146,0.82,0.0346410161513775,-0.02,1.445
"888",0.74,1993,5,30,2,150,0.72,0.0282842712474619,0.02,1.485
"889",0.75,1993,5,31,2,151,0.975,0.318198051533946,-0.225,1.24
"890",1.17,1993,6,5,2,156,1.17,NA,0,1.465
"891",1.52,1993,8,19,2,231,1.52,NA,0,1.465
"892",1.68,1993,12,1,2,335,1.315,0.486980492422438,0.365,1.83
"893",1.8,1993,12,7,2,341,1.11555555555556,0.322688360152296,0.684444444444444,2.14944444444444
"894",1.46,1993,12,8,2,342,1.25833333333333,0.196001700672894,0.201666666666667,1.66666666666667
"895",3.07,1993,12,10,2,344,1.23555555555556,0.747380611052881,1.83444444444444,3.29944444444444
"896",0.99,1993,12,11,2,345,1.211,0.570739286656643,-0.221,1.244
"897",1.16,1994,1,2,2,2,1.124,0.265198039208438,0.036,1.501
"898",1.34,1994,1,4,2,4,1.29857142857143,0.416070049047376,0.0414285714285716,1.50642857142857
"899",0.72,1994,1,22,2,22,1.02666666666667,0.303490801617885,-0.306666666666667,1.15833333333333
"900",1.06,1994,2,13,2,44,1.36428571428571,0.531189142172451,-0.304285714285714,1.16071428571429
"901",0.98,1994,2,21,2,52,1.0475,0.21285474591172,-0.0674999999999999,1.3975
"902",0.75,1994,2,23,2,54,1.02,0.509165984724039,-0.27,1.195
"903",0.82,1994,3,2,2,61,1.1,0.495630911061851,-0.28,1.185
"904",1.59,1994,3,30,2,89,1.205,0.366374125723965,0.385,1.85
"905",2.22,1994,10,27,2,300,1.17,0.495147885556859,1.05,2.515
"906",3.7,1994,10,31,2,304,1.3425,0.977149644922122,2.3575,3.8225
"907",1.6,1994,11,4,2,308,1.14363636363636,0.389955708440657,0.456363636363637,1.92136363636364
"908",0.8,1994,11,16,2,320,0.884,0.104546640309481,-0.084,1.381
"909",0.88,1994,11,23,2,327,1.07181818181818,0.409727181959366,-0.191818181818182,1.27318181818182
"910",1.28,1994,11,30,2,334,1.18083333333333,0.5802265753892,0.0991666666666666,1.56416666666667
"911",0.88,1994,12,2,2,336,1.21333333333333,0.586608492786734,-0.333333333333333,1.13166666666667
"912",0.74,1994,12,6,2,340,1.23666666666667,0.46473110504893,-0.496666666666667,0.968333333333333
"913",1.05,1994,12,16,2,350,1.11285714285714,0.25753409390566,-0.0628571428571429,1.40214285714286
"914",1.76,1995,1,9,2,9,1.26363636363636,0.367376448000487,0.496363636363636,1.96136363636364
"915",0.78,1995,1,10,2,10,1.20571428571429,0.522224742154832,-0.425714285714286,1.03928571428571
"916",0.85,1995,1,12,2,12,1.17625,0.385187802061725,-0.32625,1.13875
"917",4.15,1995,1,13,2,13,1.3975,1.14882237841315,2.7525,4.2175
"918",0.85,1995,1,14,2,14,1.14,0.419099563880046,-0.29,1.175
"919",0.7,1995,1,15,2,15,1.35,1.29610956327002,-0.65,0.815
"920",0.93,1995,1,28,2,28,1.06,0.30878795313289,-0.13,1.335
"921",1.12,1995,1,30,2,30,1.06,0.321558703816271,0.0600000000000001,1.525
"922",1.26,1995,1,31,2,31,1.134,0.253473645353691,0.126,1.591
"923",0.92,1995,2,1,2,32,0.9825,0.30560244950402,-0.0624999999999999,1.4025
"924",2.04,1995,2,17,2,48,1.31666666666667,0.60741254514539,0.723333333333333,2.18833333333333
"925",1.14,1995,3,4,2,63,1.1125,0.311381331061021,0.0275000000000001,1.4925
"926",0.8,1995,3,9,2,68,1.036,0.267357438647216,-0.236,1.229
"927",1.29,1995,4,7,2,97,1.21333333333333,0.086216781042517,0.0766666666666667,1.54166666666667
"928",0.76,1995,4,8,2,98,0.983333333333333,0.404268887416944,-0.223333333333333,1.24166666666667
"929",0.91,1995,5,1,2,121,0.97,0.304466746952767,-0.0599999999999999,1.405
"930",0.87,1995,6,14,2,165,0.825,0.0636396103067893,0.045,1.51
"931",1.54,1995,10,11,2,284,0.995,0.382055842340706,0.545,2.01
"932",0.77,1995,10,25,2,298,0.876666666666667,0.172123986319939,-0.106666666666667,1.35833333333333
"933",1.14,1995,11,8,2,312,1.26285714285714,0.415199321038072,-0.122857142857143,1.34214285714286
"934",1.07,1995,11,11,2,315,1.08444444444444,0.284214316630563,-0.0144444444444445,1.45055555555556
"935",1.8,1995,11,27,2,331,1.485,0.774532116829251,0.315,1.78
"936",1.13,1995,11,29,2,333,0.99,0.332114438108312,0.14,1.605
"937",0.9,1995,11,30,2,334,1.18083333333333,0.5802265753892,-0.280833333333333,1.18416666666667
"938",1.16,1995,12,5,2,339,1.67888888888889,1.38599643257517,-0.518888888888889,0.946111111111111
"939",1.44,1995,12,8,2,342,1.25833333333333,0.196001700672894,0.181666666666667,1.64666666666667
"940",0.85,1995,12,10,2,344,1.23555555555556,0.747380611052881,-0.385555555555556,1.07944444444444
"941",1.18,1995,12,11,2,345,1.211,0.570739286656643,-0.0310000000000001,1.434
"942",2.06,1995,12,12,2,346,1.15571428571429,0.459886114266606,0.904285714285714,2.36928571428571
"943",0.78,1995,12,13,2,347,1.30888888888889,0.770331818835955,-0.528888888888889,0.936111111111111
"944",1.42,1995,12,14,2,348,1.17333333333333,0.475972688292091,0.246666666666667,1.71166666666667
"945",0.96,1995,12,28,2,362,1.14166666666667,0.481131872554582,-0.181666666666667,1.28333333333333
"946",1.08,1995,12,29,2,363,0.898571428571429,0.12876704695283,0.181428571428571,1.64642857142857
"947",0.87,1996,1,3,2,3,1.6,1.10866285828169,-0.73,0.735
"948",0.82,1996,1,9,2,9,1.26363636363636,0.367376448000487,-0.443636363636364,1.02136363636364
"949",0.7,1996,1,15,2,15,1.35,1.29610956327002,-0.65,0.815
"950",1.26,1996,1,18,2,18,1.41666666666667,0.525268185469734,-0.156666666666667,1.30833333333333
"951",1.88,1996,1,20,2,20,1.518,1.05808842310608,0.362,1.827
"952",0.8,1996,1,21,2,21,0.945555555555556,0.31635071957841,-0.145555555555556,1.31944444444444
"953",1.25,1996,1,23,2,23,1.356,0.398911017646793,-0.106,1.359
"954",1.24,1996,1,24,2,24,1.11142857142857,0.29717719581806,0.128571428571429,1.59357142857143
"955",1.46,1996,1,27,2,27,1.71,0.703379596763268,-0.25,1.215
"956",0.98,1996,2,5,2,36,0.9675,0.199227675453654,0.0125,1.4775
"957",2.89,1996,2,6,2,37,1.25666666666667,0.811582815655104,1.63333333333333,3.09833333333333
"958",3.69,1996,2,7,2,38,1.73333333333333,1.09919364384383,1.95666666666667,3.42166666666667
"959",1.58,1996,2,8,2,39,1.192,0.398082905937947,0.388,1.853
"960",1.91,1996,2,17,2,48,1.31666666666667,0.60741254514539,0.593333333333333,2.05833333333333
"961",1.22,1996,2,18,2,49,1.20714285714286,0.471971548779312,0.0128571428571427,1.47785714285714
"962",1,1996,2,20,2,51,1.146,0.544316084642003,-0.146,1.319
"963",1.92,1996,2,23,2,54,1.02,0.509165984724039,0.9,2.365
"964",0.92,1996,4,23,2,114,0.92,NA,0,1.465
"965",1.27,1996,9,14,2,258,0.9875,0.27232027712481,0.2825,1.7475
"966",0.99,1996,10,18,2,292,0.96,0.180185090023194,0.03,1.495
"967",4.03,1996,11,18,2,323,1.7,1.13663245305302,2.33,3.795
"968",2.4,1996,11,19,2,324,1.44777777777778,0.601659741419055,0.952222222222222,2.41722222222222
"969",1.38,1996,12,4,2,339,1.67888888888889,1.38599643257517,-0.298888888888889,1.16611111111111
"970",1.22,1996,12,7,2,342,1.25833333333333,0.196001700672894,-0.0383333333333333,1.42666666666667
"971",0.81,1996,12,8,2,343,1.39857142857143,0.683335656209757,-0.588571428571429,0.876428571428572
"972",0.8,1996,12,10,2,345,1.211,0.570739286656643,-0.411,1.054
"973",1.26,1996,12,25,2,360,1.15666666666667,0.272396769437525,0.103333333333333,1.56833333333333
"974",0.78,1996,12,28,2,363,0.898571428571429,0.12876704695283,-0.118571428571429,1.34642857142857
"975",1.23,1996,12,29,2,364,1.50777777777778,0.630273309322586,-0.277777777777778,1.18722222222222
"976",1.11,1996,12,30,2,365,1.0725,0.145229703114296,0.0375000000000001,1.5025
"977",1,1996,12,31,2,366,0.865,0.190918830920368,0.135,1.6
"978",1.17,1997,1,25,2,25,1.33714285714286,0.287675412326363,-0.167142857142857,1.29785714285714
"979",1.03,1997,1,30,2,30,1.06,0.321558703816271,-0.03,1.435
"980",1.07,1997,1,31,2,31,1.134,0.253473645353691,-0.0639999999999998,1.401
"981",1.36,1997,3,1,2,60,1.02,0.241578144706842,0.34,1.805
"982",0.81,1997,3,2,2,61,1.1,0.495630911061851,-0.29,1.175
"983",1.22,1997,3,10,2,69,0.91,0.268514431641951,0.31,1.775
"984",0.94,1997,3,16,2,75,1.024,0.210546906887753,-0.0840000000000001,1.381
"985",0.95,1997,4,19,2,109,0.95,NA,0,1.465
"986",1.2,1997,5,31,2,151,0.975,0.318198051533946,0.225,1.69
"987",0.76,1997,6,30,2,181,0.93,0.240416305603426,-0.17,1.295
"988",0.78,1997,9,15,2,258,0.9875,0.27232027712481,-0.2075,1.2575
"989",0.81,1997,9,17,2,260,0.915,0.148492424049175,-0.105,1.36
"990",0.88,1997,10,1,2,274,0.99,0.155563491861041,-0.11,1.355
"991",0.85,1997,10,9,2,282,1.555,1.38179834515267,-0.705,0.76
"992",0.87,1997,10,30,2,303,1.1725,0.675272431795388,-0.3025,1.1625
"993",1.17,1997,11,23,2,327,1.07181818181818,0.409727181959366,0.0981818181818181,1.56318181818182
"994",0.91,1998,1,11,2,11,1.44833333333333,1.00559269421902,-0.538333333333333,0.926666666666667
"995",0.74,1998,1,13,2,13,1.3975,1.14882237841315,-0.6575,0.8075
"996",0.75,1998,2,20,2,51,1.146,0.544316084642003,-0.396,1.069
"997",1.4,1998,2,21,2,52,1.0475,0.21285474591172,0.3525,1.8175
"998",1.21,1998,3,21,2,80,0.95,0.201494416796099,0.26,1.725
"999",0.89,1998,3,22,2,81,1.01833333333333,0.449373638152781,-0.128333333333333,1.33666666666667
"1000",1.05,1998,5,29,2,149,1.05,NA,0,1.465
"1001",1.77,1998,11,20,2,324,1.44777777777778,0.601659741419055,0.322222222222222,1.78722222222222
"1002",1.41,1998,11,21,2,325,1.14272727272727,0.346297297393177,0.267272727272727,1.73227272727273
"1003",1.05,1998,11,25,2,329,1.647,1.03562165978808,-0.597,0.868
"1004",1.59,1998,11,30,2,334,1.18083333333333,0.5802265753892,0.409166666666667,1.87416666666667
"1005",0.89,1998,12,2,2,336,1.21333333333333,0.586608492786734,-0.323333333333333,1.14166666666667
"1006",0.8,1998,12,7,2,341,1.11555555555556,0.322688360152296,-0.315555555555556,1.14944444444444
"1007",2.25,1998,12,27,2,361,1.3175,0.476767388625882,0.9325,2.3975
"1008",1.66,1998,12,28,2,362,1.14166666666667,0.481131872554582,0.518333333333333,1.98333333333333
"1009",1.02,1999,1,14,2,14,1.14,0.419099563880046,-0.12,1.345
"1010",1.34,1999,1,17,2,17,1.352,0.477139625499939,-0.012,1.453
"1011",1.12,1999,1,20,2,20,1.518,1.05808842310608,-0.398,1.067
"1012",0.77,1999,1,21,2,21,0.945555555555556,0.31635071957841,-0.175555555555556,1.28944444444444
"1013",0.81,1999,1,22,2,22,1.02666666666667,0.303490801617885,-0.216666666666667,1.24833333333333
"1014",1.14,1999,2,6,2,37,1.25666666666667,0.811582815655104,-0.116666666666667,1.34833333333333
"1015",1.36,1999,2,18,2,49,1.20714285714286,0.471971548779312,0.152857142857143,1.61785714285714
"1016",0.8,1999,2,22,2,53,1.112,0.609155152649963,-0.312,1.153
"1017",0.99,1999,2,27,2,58,1.086,0.248052413816113,-0.0960000000000001,1.369
"1018",0.76,1999,3,29,2,88,1.324,0.623401957006874,-0.564,0.901
"1019",0.95,1999,10,27,2,300,1.17,0.495147885556859,-0.22,1.245
"1020",1.13,1999,11,5,2,309,1.14,0.21142374511866,-0.01,1.455
"1021",1.97,1999,11,25,2,329,1.647,1.03562165978808,0.323,1.788
"1022",1.93,2000,1,10,2,10,1.20571428571429,0.522224742154832,0.724285714285714,2.18928571428571
"1023",1.01,2000,1,12,2,12,1.17625,0.385187802061725,-0.16625,1.29875
"1024",1.61,2000,1,13,2,13,1.3975,1.14882237841315,0.2125,1.6775
"1025",1.01,2000,1,24,2,24,1.11142857142857,0.29717719581806,-0.101428571428571,1.36357142857143
"1026",0.73,2000,2,14,2,45,1.08714285714286,0.303024437172664,-0.357142857142857,1.10785714285714
"1027",0.77,2000,3,4,2,64,1.00444444444444,0.362426237706071,-0.234444444444444,1.23055555555556
"1028",1.03,2000,4,13,2,104,0.87,0.165227116418583,0.16,1.625
"1029",0.79,2000,10,9,2,283,0.835,0.0636396103067893,-0.0449999999999999,1.42
"1030",1.01,2000,10,20,2,294,0.8425,0.118145390656315,0.1675,1.6325
"1031",0.99,2000,12,13,2,348,1.17333333333333,0.475972688292091,-0.183333333333333,1.28166666666667
"1032",0.92,2000,12,22,2,357,1.1975,0.836057926906298,-0.2775,1.1875
"1033",0.81,2001,10,22,2,295,1.01285714285714,0.199559037690127,-0.202857142857143,1.26214285714286
"1034",0.7,2001,10,30,2,303,1.1725,0.675272431795388,-0.4725,0.9925
"1035",1.08,2001,11,22,2,326,1.516,0.642827089244586,-0.436,1.029
"1036",1.45,2001,11,28,2,332,1.2225,0.345408660657406,0.2275,1.6925
"1037",1.19,2001,12,1,2,335,1.315,0.486980492422438,-0.125,1.34
"1038",0.73,2001,12,4,2,338,1.40545454545455,0.824455743340583,-0.675454545454546,0.789545454545455
"1039",1.15,2001,12,13,2,347,1.30888888888889,0.770331818835955,-0.158888888888889,1.30611111111111
"1040",0.78,2002,1,6,2,6,1.37833333333333,0.595060221042095,-0.598333333333333,0.866666666666667
"1041",1.25,2002,1,20,2,20,1.518,1.05808842310608,-0.268,1.197
"1042",0.83,2002,1,21,2,21,0.945555555555556,0.31635071957841,-0.115555555555556,1.34944444444444
"1043",1.32,2002,1,25,2,25,1.33714285714286,0.287675412326363,-0.0171428571428571,1.44785714285714
"1044",0.98,2002,2,7,2,38,1.73333333333333,1.09919364384383,-0.753333333333333,0.711666666666667
"1045",0.95,2002,3,6,2,65,0.942,0.191494125236259,0.00800000000000001,1.473
"1046",0.7,2002,4,13,2,103,1.0725,0.652705906208914,-0.3725,1.0925
"1047",0.73,2002,5,19,2,139,0.73,NA,0,1.465
"1048",1.45,2002,11,8,2,312,1.26285714285714,0.415199321038072,0.187142857142857,1.65214285714286
"1049",1.19,2002,11,9,2,313,1.08833333333333,0.225248011459961,0.101666666666667,1.56666666666667
"1050",1.03,2002,12,12,2,346,1.15571428571429,0.459886114266606,-0.125714285714286,1.33928571428571
"1051",1.65,2002,12,15,2,349,1.635,0.704123568700835,0.0149999999999999,1.48
"1052",1.21,2002,12,26,2,360,1.15666666666667,0.272396769437525,0.0533333333333332,1.51833333333333
"1053",0.7,2002,12,27,2,361,1.3175,0.476767388625882,-0.6175,0.8475
"1054",0.75,2002,12,28,2,362,1.14166666666667,0.481131872554582,-0.391666666666667,1.07333333333333
"1055",2.27,2002,12,30,2,364,1.50777777777778,0.630273309322586,0.762222222222222,2.22722222222222
"1056",0.84,2003,1,2,2,2,1.124,0.265198039208438,-0.284,1.181
"1057",0.97,2003,1,12,2,12,1.17625,0.385187802061725,-0.20625,1.25875
"1058",0.84,2003,1,29,2,29,1.25,0.701498396291823,-0.41,1.055
"1059",0.89,2003,1,31,2,31,1.134,0.253473645353691,-0.244,1.221
"1060",0.75,2003,2,17,2,48,1.31666666666667,0.60741254514539,-0.566666666666667,0.898333333333333
"1061",0.84,2003,3,7,2,66,0.944,0.243577503066273,-0.104,1.361
"1062",0.7,2003,3,9,2,68,1.036,0.267357438647216,-0.336,1.129
"1063",0.73,2003,3,21,2,80,0.95,0.201494416796099,-0.22,1.245
"1064",0.74,2003,4,12,2,102,0.826,0.0931665175908169,-0.086,1.379
"1065",0.71,2003,4,20,2,110,0.71,0,0,1.465
"1066",1.08,2003,4,23,2,113,1.08,NA,0,1.465
"1067",0.73,2003,11,2,2,306,0.944,0.339308119560968,-0.214,1.251
"1068",1.01,2003,11,19,2,323,1.7,1.13663245305302,-0.69,0.775
"1069",0.7,2003,11,28,2,332,1.2225,0.345408660657406,-0.5225,0.9425
"1070",0.81,2003,11,29,2,333,0.99,0.332114438108312,-0.18,1.285
"1071",0.74,2003,12,5,2,339,1.67888888888889,1.38599643257517,-0.938888888888889,0.526111111111111
"1072",0.79,2003,12,9,2,343,1.39857142857143,0.683335656209757,-0.608571428571429,0.856428571428572
"1073",2.68,2003,12,13,2,347,1.30888888888889,0.770331818835955,1.37111111111111,2.83611111111111
"1074",1.01,2003,12,27,2,361,1.3175,0.476767388625882,-0.3075,1.1575
"1075",1.35,2003,12,28,2,362,1.14166666666667,0.481131872554582,0.208333333333333,1.67333333333333
"1076",1.35,2004,1,1,2,1,1.08,0.360924738230378,0.27,1.735
"1077",0.75,2004,1,30,2,30,1.06,0.321558703816271,-0.31,1.155
"1078",1.02,2004,2,16,2,47,1.09777777777778,0.32213265038559,-0.0777777777777777,1.38722222222222
"1079",0.79,2004,2,17,2,48,1.31666666666667,0.60741254514539,-0.526666666666667,0.938333333333333
"1080",0.92,2004,4,20,2,111,0.94,0.0282842712474618,-0.0199999999999999,1.445
"1081",1.05,2004,10,17,2,291,1.71,0.710809397799438,-0.66,0.805
"1082",0.88,2004,11,2,2,307,1.444,0.985332431212938,-0.564,0.901
"1083",1.02,2004,12,6,2,341,1.11555555555556,0.322688360152296,-0.0955555555555556,1.36944444444444
"1084",1.13,2004,12,8,2,343,1.39857142857143,0.683335656209757,-0.268571428571429,1.19642857142857
"1085",0.74,2005,3,27,2,86,0.84,0.180369990112916,-0.1,1.365
"1086",0.71,2005,5,9,2,129,0.745,0.0494974746830584,-0.035,1.43
"1087",0.78,2005,9,30,2,273,0.895,0.210633963706394,-0.115,1.35
"1088",0.71,2005,10,28,2,301,1.19,0.650230728280354,-0.48,0.985
"1089",0.75,2005,10,31,2,304,1.3425,0.977149644922122,-0.5925,0.8725
"1090",0.92,2005,11,25,2,329,1.647,1.03562165978808,-0.727,0.738
"1091",0.84,2005,12,2,2,336,1.21333333333333,0.586608492786734,-0.373333333333333,1.09166666666667
"1092",1.22,2005,12,19,2,353,1.41,0.866117774901312,-0.19,1.275
"1093",1.22,2005,12,21,2,355,1.328,0.69572983262183,-0.108,1.357
"1094",0.7,2005,12,22,2,356,1.31166666666667,0.957902221871662,-0.611666666666667,0.853333333333333
"1095",1.39,2005,12,27,2,361,1.3175,0.476767388625882,0.0725,1.5375
"1096",0.72,2005,12,28,2,362,1.14166666666667,0.481131872554582,-0.421666666666667,1.04333333333333
"1097",2.45,2005,12,30,2,364,1.50777777777778,0.630273309322586,0.942222222222222,2.40722222222222
"1098",0.89,2005,12,31,2,365,1.0725,0.145229703114296,-0.1825,1.2825
"1099",0.78,2006,1,6,2,6,1.37833333333333,0.595060221042095,-0.598333333333333,0.866666666666667
"1100",1.5,2006,1,10,2,10,1.20571428571429,0.522224742154832,0.294285714285714,1.75928571428571
"1101",2.37,2006,1,17,2,17,1.352,0.477139625499939,1.018,2.483
"1102",0.73,2006,1,20,2,20,1.518,1.05808842310608,-0.788,0.677
"1103",0.74,2006,1,28,2,28,1.06,0.30878795313289,-0.32,1.145
"1104",0.93,2006,1,31,2,31,1.134,0.253473645353691,-0.204,1.261
"1105",1.33,2006,2,27,2,58,1.086,0.248052413816113,0.244,1.709
"1106",0.85,2006,4,15,2,105,0.973333333333333,0.222336081942031,-0.123333333333333,1.34166666666667
"1107",1.04,2006,11,2,2,306,0.944,0.339308119560968,0.0960000000000001,1.561
"1108",0.86,2006,11,4,2,308,1.14363636363636,0.389955708440657,-0.283636363636364,1.18136363636364
"1109",1.13,2006,11,5,2,309,1.14,0.21142374511866,-0.01,1.455
"1110",2.56,2006,11,7,2,311,1.476,0.804568207176993,1.084,2.549
"1111",1.06,2006,11,10,2,314,1.11166666666667,0.500736124786965,-0.0516666666666665,1.41333333333333
"1112",1.1,2006,11,21,2,325,1.14272727272727,0.346297297393177,-0.0427272727272727,1.42227272727273
"1113",0.85,2006,11,23,2,327,1.07181818181818,0.409727181959366,-0.221818181818182,1.24318181818182
"1114",0.7,2006,11,24,2,328,1.187,0.551826260903033,-0.487,0.978
"1115",0.89,2006,12,13,2,347,1.30888888888889,0.770331818835955,-0.418888888888889,1.04611111111111
"1116",0.75,2006,12,14,2,348,1.17333333333333,0.475972688292091,-0.423333333333333,1.04166666666667
"1117",0.92,2006,12,24,2,358,1.07,0.501477816059694,-0.15,1.315
"1118",1.43,2006,12,25,2,359,1.736,0.735683355799219,-0.306,1.159
"1119",1.03,2006,12,26,2,360,1.15666666666667,0.272396769437525,-0.126666666666667,1.33833333333333
"1120",0.94,2007,1,2,2,2,1.124,0.265198039208438,-0.184,1.281
"1121",1.28,2007,1,3,2,3,1.6,1.10866285828169,-0.32,1.145
"1122",1.06,2007,2,15,2,46,1.23833333333333,0.739362337874108,-0.178333333333333,1.28666666666667
"1123",1.18,2007,9,30,2,273,0.895,0.210633963706394,0.285,1.75
"1124",1.52,2007,10,18,2,291,1.71,0.710809397799438,-0.19,1.275
"1125",0.86,2007,10,19,2,292,0.96,0.180185090023194,-0.1,1.365
"1126",1.01,2007,11,17,2,321,1.13,0.367117147515613,-0.12,1.345
"1127",1.93,2007,11,18,2,322,1.08375,0.369050422416388,0.84625,2.31125
"1128",0.79,2007,12,2,2,336,1.21333333333333,0.586608492786734,-0.423333333333333,1.04166666666667
"1129",1.1,2007,12,3,2,337,1.75375,1.34503252748772,-0.65375,0.81125
"1130",1.18,2007,12,19,2,353,1.41,0.866117774901312,-0.23,1.235
"1131",0.8,2007,12,23,2,357,1.1975,0.836057926906298,-0.3975,1.0675
"1132",0.83,2008,1,4,2,4,1.29857142857143,0.416070049047376,-0.468571428571429,0.996428571428572
"1133",1.1,2008,1,5,2,5,1.53333333333333,0.904359810399968,-0.433333333333333,1.03166666666667
"1134",0.95,2008,1,26,2,26,1.194,0.307619895325384,-0.244,1.221
"1135",0.97,2008,1,27,2,27,1.71,0.703379596763268,-0.74,0.725
"1136",0.77,2008,1,31,2,31,1.134,0.253473645353691,-0.364,1.101
"1137",0.87,2008,10,4,2,278,0.85,0.141067359796659,0.02,1.485
"1138",1.27,2008,11,3,2,308,1.14363636363636,0.389955708440657,0.126363636363636,1.59136363636364
"1139",1.65,2009,2,24,2,55,1.34142857142857,0.345032779671177,0.308571428571428,1.77357142857143
"1140",0.97,2009,2,25,2,56,0.9175,0.100457287772798,0.0525,1.5175
"1141",0.7,2009,5,1,2,121,0.97,0.304466746952767,-0.27,1.195
"1142",0.8,2009,5,4,2,124,0.77,0.0424264068711929,0.03,1.495
"1143",1.67,2009,6,13,2,164,1.67,NA,0,1.465
"1144",0.74,2009,9,5,2,248,0.74,NA,0,1.465
"1145",0.82,2009,11,20,2,324,1.44777777777778,0.601659741419055,-0.627777777777778,0.837222222222222
"1146",0.96,2009,11,26,2,330,1.23833333333333,0.665715154301498,-0.278333333333333,1.18666666666667
"1147",1.08,2009,12,15,2,349,1.635,0.704123568700835,-0.555,0.91
"1148",1.24,2009,12,31,2,365,1.0725,0.145229703114296,0.1675,1.6325
"1149",0.77,2010,1,13,2,13,1.3975,1.14882237841315,-0.6275,0.8375
"1150",0.77,2010,1,15,2,15,1.35,1.29610956327002,-0.58,0.885
"1151",0.82,2010,3,28,2,87,1.0475,0.206135068987949,-0.2275,1.2375
"1152",0.9,2010,3,29,2,88,1.324,0.623401957006874,-0.424,1.041
"1153",0.75,2010,3,30,2,89,1.205,0.366374125723965,-0.455,1.01
"1154",0.78,2010,6,2,2,153,0.78,NA,0,1.465
"1155",1.23,2010,10,23,2,296,0.923333333333333,0.267270150472015,0.306666666666667,1.77166666666667
"1156",1.21,2010,10,24,2,297,1.21,NA,0,1.465
"1157",0.94,2010,10,25,2,298,0.876666666666667,0.172123986319939,0.0633333333333334,1.52833333333333
"1158",0.84,2010,11,6,2,310,0.938,0.207533129885327,-0.098,1.367
"1159",0.72,2010,11,30,2,334,1.18083333333333,0.5802265753892,-0.460833333333333,1.00416666666667
"1160",0.89,2010,12,11,2,345,1.211,0.570739286656643,-0.321,1.144
"1161",1.01,2010,12,28,2,362,1.14166666666667,0.481131872554582,-0.131666666666667,1.33333333333333
"1162",0.82,2011,2,14,2,45,1.08714285714286,0.303024437172664,-0.267142857142857,1.19785714285714
"1163",1.24,2011,2,15,2,46,1.23833333333333,0.739362337874108,0.00166666666666671,1.46666666666667
"1164",1.75,2011,2,28,2,59,1.44,0.43840620433566,0.31,1.775
"1165",0.76,2011,3,10,2,69,0.91,0.268514431641951,-0.15,1.315
"1166",1.27,2011,11,23,2,327,1.07181818181818,0.409727181959366,0.198181818181818,1.66318181818182
"1167",2.38,2011,12,28,2,362,1.14166666666667,0.481131872554582,1.23833333333333,2.70333333333333
"1168",0.94,2011,12,29,2,363,0.898571428571429,0.12876704695283,0.0414285714285714,1.50642857142857
"1169",1.02,2011,12,30,2,364,1.50777777777778,0.630273309322586,-0.487777777777778,0.977222222222222
"1170",0.73,2012,1,17,2,17,1.352,0.477139625499939,-0.622,0.843
"1171",2.39,2012,1,18,2,18,1.41666666666667,0.525268185469734,0.973333333333333,2.43833333333333
"1172",1.17,2012,1,19,2,19,1.52125,1.00387018938848,-0.35125,1.11375
"1173",0.78,2012,1,20,2,20,1.518,1.05808842310608,-0.738,0.727
"1174",1.71,2012,1,24,2,24,1.11142857142857,0.29717719581806,0.598571428571429,2.06357142857143
"1175",0.88,2012,2,29,2,60,1.02,0.241578144706842,-0.14,1.325
"1176",0.9,2012,3,12,2,72,1.002,0.358008379790194,-0.102,1.363
"1177",1.04,2012,3,15,2,75,1.024,0.210546906887753,0.016,1.481
"1178",0.88,2012,3,20,2,80,0.95,0.201494416796099,-0.07,1.395
"1179",1.92,2012,3,21,2,81,1.01833333333333,0.449373638152781,0.901666666666667,2.36666666666667
"1180",0.81,2012,3,29,2,89,1.205,0.366374125723965,-0.395,1.07
"1181",1.45,2012,3,30,2,90,1.45,NA,0,1.465
"1182",0.94,2012,4,11,2,102,0.826,0.0931665175908169,0.114,1.579
"1183",1.21,2012,5,24,2,145,1.21,NA,0,1.465
"1184",1.38,2012,10,15,2,289,1.38,NA,0,1.465
"1185",1.9,2012,11,19,2,324,1.44777777777778,0.601659741419055,0.452222222222222,1.91722222222222
"1186",1.43,2012,11,20,2,325,1.14272727272727,0.346297297393177,0.287272727272727,1.75227272727273
"1187",1.06,2012,12,1,2,336,1.21333333333333,0.586608492786734,-0.153333333333333,1.31166666666667
"1188",0.79,2012,12,16,2,351,1.055,0.322711724520286,-0.265,1.2
"1189",1.11,2012,12,20,2,355,1.328,0.69572983262183,-0.218,1.247
"1190",0.72,2012,12,23,2,358,1.07,0.501477816059694,-0.35,1.115
"1191",0.72,2013,6,25,2,176,0.72,NA,0,1.465
"1192",0.83,2013,9,28,2,271,0.99,0.204205778566621,-0.16,1.305
"1193",1.9,2013,9,29,2,272,1.9,NA,0,1.465
"1194",0.92,2013,9,30,2,273,0.895,0.210633963706394,0.025,1.49
"1195",1.02,2014,2,7,2,38,1.73333333333333,1.09919364384383,-0.713333333333333,0.751666666666667
"1196",1.35,2014,2,12,2,43,1.54166666666667,0.98002891113817,-0.191666666666667,1.27333333333333
"1197",1.25,2014,2,14,2,45,1.08714285714286,0.303024437172664,0.162857142857143,1.62785714285714
"1198",0.73,2014,3,5,2,64,1.00444444444444,0.362426237706071,-0.274444444444444,1.19055555555556
"1199",0.71,2014,3,6,2,65,0.942,0.191494125236259,-0.232,1.233
"1200",1.01,2014,3,28,2,87,1.0475,0.206135068987949,-0.0375000000000001,1.4275
"1201",0.73,2014,9,24,2,267,0.73,NA,0,1.465
"1202",0.7,2014,10,14,2,287,1.075,0.530330085889911,-0.375,1.09
"1203",1.22,2014,10,22,2,295,1.01285714285714,0.199559037690127,0.207142857142857,1.67214285714286
"1204",1.6,2014,11,13,2,317,1.26,0.468792775826022,0.34,1.805
"1205",0.79,2014,11,21,2,325,1.14272727272727,0.346297297393177,-0.352727272727273,1.11227272727273
"1206",0.72,2014,12,4,2,338,1.40545454545455,0.824455743340583,-0.685454545454546,0.779545454545455
"1207",1.6,2014,12,20,2,354,1.61,0.670799097026396,-0.01,1.455
"1208",0.86,2014,12,24,2,358,1.07,0.501477816059694,-0.21,1.255
"1209",1.33,2015,1,17,2,17,1.352,0.477139625499939,-0.022,1.443
"1210",0.91,2015,2,6,2,37,1.25666666666667,0.811582815655104,-0.346666666666667,1.11833333333333
"1211",0.77,2015,2,9,2,40,1.33,0.773175271203108,-0.56,0.905
"1212",1.02,2015,3,14,2,73,1.288,0.416076915966267,-0.268,1.197
"1213",0.71,2015,3,23,2,82,0.987142857142857,0.28877409196546,-0.277142857142857,1.18785714285714
"1214",1.13,2015,10,31,2,304,1.3425,0.977149644922122,-0.2125,1.2525
"1215",1.31,2015,12,7,2,341,1.11555555555556,0.322688360152296,0.194444444444444,1.65944444444444
"1216",1.21,2015,12,10,2,344,1.23555555555556,0.747380611052881,-0.0255555555555556,1.43944444444444
"1217",1.02,2015,12,12,2,346,1.15571428571429,0.459886114266606,-0.135714285714286,1.32928571428571
"1218",0.84,2015,12,13,2,347,1.30888888888889,0.770331818835955,-0.468888888888889,0.996111111111111
"1219",1.65,2015,12,17,2,351,1.055,0.322711724520286,0.595,2.06
"1220",1.26,2016,1,17,2,17,1.352,0.477139625499939,-0.0920000000000001,1.373
"1221",1.38,2016,1,19,2,19,1.52125,1.00387018938848,-0.14125,1.32375
"1222",0.72,2016,3,14,2,74,0.855,0.190918830920368,-0.135,1.33
"1223",1.23,2016,4,14,2,105,0.973333333333333,0.222336081942031,0.256666666666667,1.72166666666667
"1224",0.82,2016,5,14,2,135,0.82,NA,0,1.465
"1225",0.7,2016,9,6,2,250,0.7,NA,0,1.465
"1226",1.45,2016,10,13,2,287,1.075,0.530330085889911,0.375,1.84
"1227",1.25,2016,10,16,2,290,0.97,0.24576411454889,0.28,1.745
"1228",1.38,2016,10,17,2,291,1.71,0.710809397799438,-0.33,1.135
"1229",0.76,2016,10,26,2,300,1.17,0.495147885556859,-0.41,1.055
"1230",0.81,2016,11,5,2,310,0.938,0.207533129885327,-0.128,1.337
"1231",0.73,2016,11,25,2,330,1.23833333333333,0.665715154301498,-0.508333333333333,0.956666666666667
"1232",0.71,2016,12,11,2,346,1.15571428571429,0.459886114266606,-0.445714285714286,1.01928571428571
"1233",1.45,2016,12,14,2,349,1.635,0.704123568700835,-0.185,1.28
"1234",0.84,2017,1,8,2,8,1.28,0.585889636934011,-0.44,1.025
"1235",0.7,2017,1,10,2,10,1.20571428571429,0.522224742154832,-0.505714285714286,0.959285714285714
"1236",0.72,2017,2,3,2,34,0.898,0.166343019090072,-0.178,1.287
"1237",1.24,2017,2,5,2,36,0.9675,0.199227675453654,0.2725,1.7375
"1238",1.69,2017,2,16,2,47,1.09777777777778,0.32213265038559,0.592222222222222,2.05722222222222
"1239",1.01,2017,2,21,2,52,1.0475,0.21285474591172,-0.0374999999999999,1.4275
"1240",0.75,2017,3,24,2,83,0.946666666666667,0.173877351409933,-0.196666666666667,1.26833333333333
"1241",0.79,2017,10,19,2,292,0.96,0.180185090023194,-0.17,1.295
"1242",1.23,2017,10,22,2,295,1.01285714285714,0.199559037690127,0.217142857142857,1.68214285714286
"1243",0.78,2017,11,10,2,314,1.11166666666667,0.500736124786965,-0.331666666666667,1.13333333333333
"1244",1.38,2017,11,15,2,319,1.715,1.04916633571612,-0.335,1.13
"1245",0.86,2017,11,23,2,327,1.07181818181818,0.409727181959366,-0.211818181818182,1.25318181818182
"1246",0.86,2017,12,19,2,353,1.41,0.866117774901312,-0.55,0.915
"1247",0.77,2018,1,11,2,11,1.44833333333333,1.00559269421902,-0.678333333333333,0.786666666666667
"1248",0.78,2018,2,25,2,56,0.9175,0.100457287772798,-0.1375,1.3275
"1249",0.76,2018,3,13,2,72,1.002,0.358008379790194,-0.242,1.223
"1250",1.34,2018,3,23,2,82,0.987142857142857,0.28877409196546,0.352857142857143,1.81785714285714
"1251",1.23,2018,4,7,2,97,1.21333333333333,0.086216781042517,0.0166666666666666,1.48166666666667
"1252",0.7,2018,11,22,2,326,1.516,0.642827089244586,-0.816,0.649
"1253",1.01,2018,11,27,2,331,1.485,0.774532116829251,-0.475,0.99
"1254",1.52,2018,12,18,2,352,0.99875,0.2685111064476,0.52125,1.98625
"1255",0.9,2018,12,23,2,357,1.1975,0.836057926906298,-0.2975,1.1675
